20160601,1003A,116.434,39.9522,0.494,0.486200012,0.501310822,39,5.333333333,37,0.666666667,115.6666667,297.8284607,25.90831947,4.955750545,93600.11719,153.815796,-2.186766863,4.447191715
20160601,1005A,116.473,39.9716,0.494,0.49425,0.499762024,30.33333333,7,30.66666667,0.566666667,118.6666667,297.7941589,25.83016014,4.942287113,93639.07031,153.940817,-2.171143293,4.43985796
20160601,1006A,116.361,39.9425,0.494,0.486200012,0.499269501,36.33333333,5,36.66666667,0.7,116,297.8506775,26.09720039,4.986288143,93466.46094,153.7646465,-2.204235554,4.472629547
20160601,1008A,116.72,40.1438,0.414,0.431666657,0.440539764,18.66666667,5,7.666666667,0.333333333,121,297.5119629,24.55864334,4.889406702,93710.89063,155.1233376,-2.05680871,4.435745239
20160601,1009A,116.644,40.3937,0.234,0.262666657,0.323971405,34.66666667,5.333333333,7.666666667,0.4,111.3333333,297.1293945,23.65595245,4.986456077,92877.88281,156.8260806,-1.962287545,4.584121704
20160601,1011A,116.407,40.0031,0.414,0.467333344,0.481572113,28.33333333,6.666666667,23,0.533333333,124.6666667,297.7489624,26.04598808,4.975194523,93424.21875,154.1628012,-2.168267012,4.477854252
20160601,1025A,117.401,39.124,0.672,0.6945,0.679480774,27.66666667,16.33333333,25,1.271,102.3333333,298.8409729,21.87560081,4.061952701,97410.41406,145.9053427,-2.276975393,3.363754272
20160601,1026A,117.764,39.1587,0.719,0.712666687,0.704916077,21.33333333,9.333333333,11.33333333,1.071,157.3333333,298.6808777,21.69248581,3.793062908,97807.71094,145.2770833,-2.160560131,3.117580175
20160601,1036A,118.1662,39.6308,0.435,0.466888886,0.506190186,8,54.66666667,39.66666667,1.647333333,108.6666667,297.9292908,22.00337791,3.86098574,97417.09375,149.9568032,-1.933013201,3.342255354
20160601,1037A,118.144,39.643,0.422,0.493555542,0.504803131,15,39.33333333,38,1.853666667,124.3333333,297.9749146,22.0238533,3.903795696,97367.125,150.1633616,-1.942250609,3.386337757
20160601,1038A,118.1853,39.6407,0.435,0.466888886,0.497428589,21.66666667,34.33333333,22,2.203,125,297.8683777,21.99672508,3.842597545,97425.11719,150.0100566,-1.920714617,3.328124285
20160601,1039A,118.2185,39.6679,0.435,0.466888886,0.478453857,30,38.33333333,30,1.444333333,139.3333333,297.7540894,21.98822212,3.81947988,97422.73438,150.2168841,-1.897205234,3.314971924
20160601,1040A,118.1838,39.65782,0.435,0.466888886,0.490227844,47.66666667,44.33333333,36,1.989,122.6666667,297.8546753,22.00632477,3.860190894,97393.99219,150.2094418,-1.917862296,3.35005641
20160601,1041A,118.1997,39.6295,0.435,0.466888886,0.500005981,24,37,38.66666667,2.111,126.3333333,297.8416443,21.98234177,3.811945383,97462.92188,149.8358304,-1.91542387,3.29576683
20160601,1042A,119.5259,39.8283,0.436,0.392333344,0.343086578,6.333333333,9,17,0.185666667,123,294.5148621,20.85075569,2.062211669,98999.19531,145.5789485,-1.165706635,1.701130509
20160601,1043A,119.7624,40.0181,0.227,0.239571426,0.249648682,8.666666667,9.333333333,12,0.311333333,134.3333333,294.2132568,20.23961639,1.840119688,99151.16406,147.1156987,-0.999082625,1.545274854
20160601,1044A,119.6023,39.9567,0.346,0.327333344,0.274755158,16,34,21.66666667,0.617,107,294.4768982,20.55360794,2.035518425,98989.82031,147.370256,-1.097567916,1.714257836
20160601,1045A,119.607,39.9358,0.346,0.327333344,0.285796204,2.666666667,19.66666667,32,0.304666667,147.3333333,294.4434509,20.58531189,2.014895898,99015.82813,146.9277833,-1.099519968,1.688449383
20160601,1046A,119.5369,39.9419,0.346,0.322111115,0.289304108,7.666666667,5.333333333,13.33333333,0.323666667,136.6666667,294.6034851,20.65211105,2.121445666,98906.82813,147.6358853,-1.135605335,1.79190743
20160601,1047A,114.5129,36.61763,1.668,1.627,1.615866821,18.66666667,12,36.33333333,0.678,114.6666667,298.757019,34.9365387,4.720541949,96567.25,151.8829854,-2.224667788,4.16345644
20160601,1048A,114.5426,36.6164,1.668,1.627,1.610996094,14.33333333,18.33333333,29.66666667,0.611,93.33333333,298.7767334,34.74483871,4.71565689,96639.99219,151.6958066,-2.235941172,4.151865482
20160601,1049A,114.5035,36.5776,1.694,1.645333374,1.617408447,13.66666667,27.66666667,23,0.531666667,122.6666667,298.7750854,35.2911911,4.686665258,96590,151.612952,-2.228159428,4.123122215
20160601,1050A,114.4965,36.61981,1.668,1.627,1.61892749,7.666666667,43.33333333,43.66666667,0.886666667,121,298.7452393,35.0314064,4.72457631,96525.36719,151.9981975,-2.218185425,4.171483517
20160601,1062A,117.9664,40.9161,0.119,0.114333336,0.114032578,11,8.333333333,10.33333333,0.233,131,296.5365601,19.34744835,4.985538031,93797.17969,160.3067412,-1.680048943,4.693934917
20160601,1063A,117.9525,40.9843,0.119,0.114333336,0.111790093,3,5.333333333,8.333333333,0.294666667,137.3333333,296.4299927,19.1273098,4.902874786,93570.97656,160.2180475,-1.659336448,4.61354351
20160601,1064A,117.963,40.9359,0.119,0.114333336,0.113182037,19.33333333,16.66666667,5.333333333,0.235,135.3333333,296.5057068,19.28315353,4.961531163,93732.77344,160.2817769,-1.673994184,4.670603275
20160601,1065A,117.8184,40.9733,0.165,0.131666672,0.117901993,5.666666667,9.333333333,6.666666667,0.353333333,135.6666667,296.427063,19.26279068,4.918329561,93350.73438,160.1443799,-1.670516133,4.62594223
20160601,1066A,117.9384,41.0112,0.109,0.116444443,0.11169883,3,8,11,0.34,141,296.3867493,19.04638863,4.87039304,93465.19531,160.1762434,-1.651686668,4.581774712
20160601,1067A,116.6838,39.5178,0.632,0.647200012,0.639727173,11,7.666666667,38,0.388,117,298.4709473,24.51383972,4.732995122,95111.05469,150.5907594,-2.324110031,4.123075962
20160601,1069A,116.715,39.5571,0.632,0.647200012,0.637177063,25,7.333333333,54,0.697333333,108.3333333,298.404541,24.48936081,4.723408961,95086.91406,150.8553569,-2.300375938,4.125392437
20160601,1070A,116.7464,39.5343,0.632,0.647200012,0.642172241,10.66666667,8,24,0.651333333,130.6666667,298.4327087,24.36495972,4.697699776,95202.53906,150.6524781,-2.302368879,4.09481144
20160602,1014A,117.193,39.173,0.539,0.539,0.654398926,58,26,17.5,0.92,200,301.1467896,20.17560005,6.172807782,96506.71094,178.9236499,-0.115954638,6.171718597
20160602,1017A,117.237,39.1082,0.539,0.539,0.634761963,71,18,23,1.222666667,206.3333333,301.1894836,19.92375946,6.156261321,96736.64844,178.7150176,-0.138055965,6.154713154
20160602,1018A,117.202,39.0927,0.539,0.539,0.645242065,35.66666667,25,26.66666667,1.319,170.6666667,301.2162781,19.93635941,6.147896457,96702.78906,178.7771544,-0.131202638,6.146496296
20160602,1021A,117.307,39.0877,0.539,0.539,0.58793634,46.66666667,20,23.33333333,1.125,182.6666667,301.1824341,19.7543602,6.155097518,96918.375,178.5104203,-0.160002634,6.153017521
20160602,1029A,114.4548,38.0513,0.705,0.658111084,0.695532166,31.66666667,23.33333333,23.66666667,0.699333333,218.6666667,299.6893921,22.60588264,5.309397144,93855.125,189.3867603,0.865951955,5.238303661
20160602,1030A,114.6046,38.0398,0.525,0.613444458,0.610294434,25.66666667,28.66666667,16.66666667,0.41,202.3333333,299.8571472,22.01214981,5.370434915,94244.98438,188.5888592,0.802037299,5.310207844
20160602,1031A,114.5019,38.1398,0.679,0.648222229,0.672002686,40,17,17,0.603666667,202.6666667,299.7421265,22.62615395,5.328476964,93752.9375,189.1339163,0.845855951,5.260911942
20160602,1032A,114.4586111,38.00583333,0.705,0.658111084,0.690653565,40,27,26,0.583,204.6666667,299.6936646,22.49172974,5.310937402,93974.35938,189.3662333,0.864325881,5.240133286
20160602,1033A,114.5330556,38.01777778,0.705,0.658111084,0.656648865,51.33333333,21,18.33333333,0.472,205,299.7770386,22.23354721,5.341154223,94126.0625,188.9676612,0.832562923,5.275866508
20160602,1034A,114.5214,38.0524,0.705,0.658111084,0.664394043,25.66666667,23,10,0.359333333,200.6666667,299.7639771,22.35645676,5.3364062,94013.07813,189.0297665,0.837535977,5.270271778
20160602,1035A,114.3541,37.9097,0.697,0.715111084,0.708563049,45,33,74.66666667,1.169333333,55.66666667,299.5610046,22.69273949,5.264371886,93948.71094,189.929875,0.907802641,5.185509205
20160602,1063A,117.9525,40.9843,0.494,0.3795,0.317670715,25,34,13.66666667,1.36,251,299.2847595,17.95306396,7.154355797,93096.4375,178.6273397,-0.171383664,7.152302742
20160602,1066A,117.9384,41.0112,0.494,0.42075,0.329319977,23,48.66666667,22.33333333,1.496666667,242.3333333,299.2602234,17.85076904,7.077850069,92989.97656,178.4819721,-0.187502757,7.07536602
20160602,1074A,115.6951,37.7575,0.134,0.161111115,0.19247168,11,13,14,0.338666667,190.3333333,301.0785217,18.60884094,5.843359591,97122.75781,183.3038307,0.336757332,5.833647728
20160602,1075A,115.6426,37.7379,0.156,0.178777771,0.206160324,7.333333333,10,11,0.319666667,176.3333333,301.0197144,18.63796043,5.819541242,97083.5,183.5383003,0.359157324,5.808447838
20160602,1076A,115.6906,37.739,0.134,0.161111115,0.194231049,9.666666667,7,7.333333333,0.274666667,170.3333333,301.0734863,18.5642395,5.841314116,97161.66406,183.323853,0.338677317,5.831487656
20160602,1077A,114.4821,37.0967,0.622,0.570333313,0.607335449,25.66666667,18,18.66666667,0.456,94.66666667,299.7199707,23.81036758,5.320443334,95747.27344,189.2399868,0.854303956,5.251407623
20160602,1078A,114.5261,37.0533,0.564,0.569875,0.569839172,10.66666667,50,16.33333333,0.423666667,175.6666667,299.7683105,23.8483181,5.316363368,95909.65625,189.0125288,0.83281064,5.25072813
20160602,1079A,114.5331,37.0964,0.622,0.570333313,0.568583191,15.66666667,18,16.33333333,0.443333333,151.6666667,299.7770691,23.54503632,5.341172464,95875.85938,188.9674245,0.832543969,5.275887966
20160602,1080A,114.4854,37.062,0.564,0.569875,0.602272827,14,33.33333333,22,0.45,121.6666667,299.7230225,24.01066208,5.308423145,95797.40625,189.2278607,0.851264954,5.239723682
20160604,1036A,118.1662,39.6308,1.687,1.517857178,1.432235474,76.66666667,63.33333333,39,1.403333333,203.3333333,297.3206177,29.68025208,5.010542335,97028.50781,179.9255115,-0.006514048,5.010538101
20160604,1037A,118.144,39.643,1.687,1.517857178,1.435677856,75,43.66666667,40,1.528,233.3333333,297.3570557,29.57743835,5.024652074,96976.40625,179.8852156,-0.010066212,5.024641991
20160604,1038A,118.1853,39.6407,1.687,1.517857178,1.424635376,100,39.33333333,44.33333333,1.764666667,203,297.2871399,29.67960167,5.016680743,97036.89844,180.1199482,0.010502368,5.01666975
20160604,1039A,118.2185,39.6679,1.562,1.469166626,1.416407593,100.6666667,40.33333333,40,1.128,213.6666667,297.2301331,29.63228035,5.036081304,97034.40625,180.5300735,0.046590783,5.035865784
20160604,1040A,118.1838,39.65782,1.687,1.517857178,1.423123901,121.6666667,48,36.33333333,1.619666667,233,297.2884521,29.60086632,5.032165471,97004.44531,180.2429597,0.021338565,5.032120228
20160604,1041A,118.1997,39.6295,1.562,1.469166626,1.422319824,81.66666667,46.33333333,30,1.56,219,297.2632446,29.76138115,5.004707704,97076.34375,180.1219433,0.010651572,5.004696369
20160604,1071A,116.8854,38.2991,0.717,0.674888916,0.710255676,37,22.33333333,17.66666667,0.761333333,164.6666667,297.5,33.81914139,4.295461505,97849.03125,164.3170933,-1.161120057,4.135551929
20160604,1072A,116.8584,38.3254,0.741,0.770111084,0.724182495,37,15.33333333,32,0.452,191,297.5,33.80894089,4.29383638,97739.70313,164.1113227,-1.175519943,4.129792213
20160604,1073A,116.8709,38.3228,0.741,0.770111084,0.723701416,40.66666667,16,23,0.515,166.3333333,297.5,33.78770065,4.294581795,97768.71094,164.2066066,-1.168853283,4.132458687
20160605,1008A,116.72,40.1438,1.962,1.874625,1.817050293,84.66666667,10.66666667,28.66666667,1.1,192.3333333,295.7374573,30.23731041,5.664637262,93537.55469,189.9272871,0.976573467,5.57982254
20160605,1009A,116.644,40.3937,1.555,1.516333374,1.434644897,79,25.66666667,21.33333333,1.133333333,194.3333333,295.6592712,29.05014801,6.011590244,92697.67969,191.2631622,1.1741575,5.89580965
20160605,1011A,116.407,40.0031,1.736,1.756199951,1.786363159,95.66666667,25,24,1.166666667,204.3333333,295.4778442,33.72067642,5.244851233,93264.71094,190.7599038,0.979181468,5.152637005
20160605,1062A,117.9664,40.9161,0.69,0.6685,0.626424561,66,21.66666667,20.66666667,0.861,258.3333333,296.8274841,20.42951965,7.902943483,93587.39063,187.0347792,0.967887759,7.843450069
20160605,1064A,117.963,40.9359,0.69,0.6685,0.616881714,64.66666667,34,20.33333333,0.886333333,273.3333333,296.8384094,20.31455994,7.857995251,93522.05469,186.9491324,0.950723946,7.800270081
20160606,1004A,116.434,39.8745,2.229,2.173,2.088864014,121.3333333,14.66666667,21.33333333,1.133333333,205.6666667,298.9035645,38.31004334,2.781196751,93531.71094,188.8769939,0.429176688,2.74788332
20160606,1005A,116.473,39.9716,2.117,2.046571411,2.02716687,121,14,27.33333333,1.233333333,208.3333333,298.7493896,37.80269241,2.677678783,93384.19531,188.475702,0.394663006,2.648434401
20160606,1008A,116.72,40.1438,1.72,1.758625,1.792882935,88.33333333,4.333333333,20.66666667,0.866666667,187.6666667,298.5991821,36.42698669,2.790577219,93448.14063,185.5065775,0.26778385,2.777699232
20160606,1009A,116.644,40.3937,1.476,1.463571411,1.490145996,75.66666667,13,17,1,184,298.1454163,36.02887726,2.287736205,92630.79688,186.3144958,0.251618445,2.273856878
20160606,1029A,114.4548,38.0513,1.364,1.369833374,1.3694104,46.66666667,8.333333333,14,0.681666667,61,297.9191589,54.83312988,2.359547826,94037.85156,194.8381683,0.604256034,2.280864
20160606,1030A,114.6046,38.0398,1.365,1.367166626,1.424238647,32.33333333,5.333333333,16.66666667,0.680666667,149.3333333,298.1428528,54.64390945,2.50852255,94429.13281,194.1266517,0.612245381,2.432661295
20160606,1031A,114.5019,38.1398,1.381,1.357333374,1.405119141,46.66666667,14.66666667,27,0.766333333,204.6666667,297.989502,54.26506805,2.406347525,93938.3125,194.604959,0.606768012,2.328592062
20160606,1033A,114.5330556,38.01777778,1.365,1.367166626,1.400055908,73.33333333,14,23.33333333,0.720333333,204.6666667,298.0360107,54.8862381,2.437325568,94308.875,194.455621,0.60842967,2.360162973
20160606,1034A,114.5214,38.0524,1.365,1.367166626,1.39626355,29.66666667,14,16.66666667,0.459666667,131,298.0186157,54.71461868,2.425734417,94196.57031,194.5110427,0.607807994,2.348351955
20160606,1051A,115.493,38.8632,1.694,1.788875,1.814551147,79.33333333,32.66666667,28,1.268,189.3333333,299.4695435,46.87391281,3.397554202,94148.67969,191.1949276,0.659626663,3.332906723
20160606,1052A,115.5223,38.8957,1.953,1.836857178,1.825829346,84,38.33333333,27.33333333,1.021,164.3333333,299.5133057,46.56552505,3.426985764,94121.4375,191.1241825,0.661189318,3.362597227
20160606,1053A,115.4713,38.9108,1.657,1.739714233,1.806421509,98.66666667,15.66666667,29,1.047666667,155.6666667,299.4371338,46.74576569,3.375760021,93986.88281,191.2481176,0.658469319,3.310917377
20160606,1054A,115.4612,38.8416,1.694,1.788875,1.808521606,83,16.66666667,19.66666667,1.501,177.6666667,299.4220581,47.14287567,3.365617036,94143.85938,191.27311,0.657930672,3.300682545
20160606,1055A,115.442,38.8756,1.694,1.788875,1.795753174,69,24,24,0.881,171.3333333,299.3933716,47.06929779,3.34633749,94021.22656,191.3210361,0.656906664,3.281226635
20160606,1056A,115.5214,38.8707,1.953,1.836857178,1.825534424,81.66666667,53.66666667,26.66666667,1.171,174.3333333,299.5119629,46.69335556,3.426081692,94183.0625,191.1263376,0.661141336,3.361685276
20160606,1062A,117.9664,40.9161,1.479,1.301800049,1.203285767,52.66666667,22.33333333,17,0.880333333,240.6666667,298.6923218,32.22431564,4.144811535,93539.625,175.2980729,-0.339758605,4.130862713
20160606,1063A,117.9525,40.9843,1.479,1.301800049,1.229450806,46,27.33333333,16.66666667,0.806,257,298.5033264,32.0381546,3.942434665,93315.3125,174.1112188,-0.404484987,3.921630144
20160606,1064A,117.963,40.9359,1.479,1.301800049,1.203285767,76.66666667,35.66666667,22,0.856666667,255.3333333,298.6380615,32.17077637,4.087102835,93475.77344,174.9653304,-0.358678102,4.071333885
20160606,1065A,117.8184,40.9733,1.479,1.418333374,1.267669312,4,106,25.66666667,2.183,230.3333333,298.3884888,31.94699287,3.696919325,93091.40625,174.472659,-0.356089979,3.679729939
20160606,1074A,115.6951,37.7575,1.583,1.868888916,1.936881836,66,12.66666667,6,0.721,156,299.7713623,51.0604248,3.600663032,97292.39844,190.7304857,0.670405328,3.537701368
20160606,1075A,115.6426,37.7379,1.583,1.868888916,1.869005859,52.66666667,9,8,0.593333333,156,299.6929626,51.49375916,3.547879174,97253.96875,190.846022,0.66760534,3.484501362
20160606,1076A,115.6906,37.739,1.583,1.868888916,1.949903198,50,5,5.666666667,0.577666667,154,299.7646179,51.17678833,3.596138149,97331.14844,190.7402564,0.67016536,3.533141375
20160608,1001A,116.366,39.8673,0.868,0.879333313,0.894035156,121.6666667,3,28,1.166666667,225.3333333,299.6980896,28.01498413,5.169010247,93358.64063,209.9388621,2.579726934,4.479249477
20160608,1003A,116.434,39.9522,0.763,0.762375,0.808386658,113,2,31.5,1.25,181.5,299.7027893,27.12818336,5.214879785,93299.03125,209.9708839,2.605144501,4.517542839
20160608,1004A,116.434,39.8745,0.868,0.865875,0.868147583,115.6666667,2,27,1.066666667,204.3333333,299.7450256,27.81509972,5.19402409,93481.16406,209.4293794,2.552085876,4.523797512
20160608,1005A,116.473,39.9716,0.763,0.757333313,0.786446289,112.6666667,2.666666667,28,1.066666667,209.6666667,299.7211609,26.89090729,5.233652132,93334.30469,209.7810653,2.599487782,4.542441845
20160608,1006A,116.361,39.9425,0.685,0.768857117,0.833743164,119.3333333,2,32.66666667,1.333333333,209.6666667,299.6537781,27.34349632,5.187451343,93171.03906,210.5122331,2.633784771,4.469097137
20160608,1007A,116.315,39.9934,0.685,0.768857117,0.802123901,110.3333333,2.666666667,44.66666667,1.1,208,299.5922241,26.95673561,5.186001084,92955.5625,211.2596906,2.691108465,4.43311882
20160608,1008A,116.72,40.1438,0.645,0.71625,0.708530701,107,2,18.33333333,0.866666667,185.3333333,299.8079834,25.46434784,5.371357405,93387.34375,208.8837515,2.594548702,4.703168869
20160608,1009A,116.644,40.3937,0.476,0.544625,0.495005371,63.66666667,2,15,0.8,178.3333333,299.6134644,24.21451759,5.416775937,92559.92188,211.1228515,2.799794912,4.637090683
20160608,1011A,116.407,40.0031,0.763,0.762375,0.778934815,109.3333333,4,21.33333333,1.066666667,216,299.6551209,26.73159599,5.219548996,93122.90625,210.5499148,2.653038263,4.495006084
20160608,1012A,116.225,39.9279,0.685,0.7765,0.862099426,116.6666667,2,31.33333333,1,209.6666667,299.5476379,27.72321892,5.142033256,92925.04688,211.3534057,2.675478697,4.391163826
20160608,1027A,117.157,38.9194,1.035,1.053666626,1.101272583,127.3333333,23,20.66666667,1.611,214.6666667,300.825592,32.7269249,5.238263889,97068.44531,197.9344673,1.613013387,4.983733177
20160608,1031A,114.5019,38.1398,0.574,0.649,0.697262146,113.5,17.66666667,27,1.103,214.6666667,296.8368835,54.587677,4.40288395,93903.33594,200.3877505,1.533839941,4.127071857
20160608,1036A,118.1662,39.6308,1.154,1.173555542,1.10619397,75,36.66666667,27,1.064333333,202,301.0587158,28.43927383,5.840495661,97054.5,195.6938187,1.579834104,5.622767448
20160608,1037A,118.144,39.643,1.154,1.173555542,1.124766357,81,22.66666667,21.33333333,1.254666667,191.3333333,301.1086121,28.32398605,5.839754152,97003.85156,195.8722876,1.597137809,5.617105961
20160608,1038A,118.1853,39.6407,1.154,1.056111084,1.091948608,81.33333333,16.33333333,27.66666667,1.472,187,301.004303,28.42207718,5.84725944,97061.85938,195.6431603,1.576685905,5.630675316
20160608,1039A,118.2185,39.6679,1.154,1.056111084,1.065826416,76,13,22.66666667,0.723333333,198.6666667,300.9068298,28.33493805,5.861498729,97057.69531,195.6028484,1.576553822,5.645497799
20160608,1040A,118.1838,39.65782,1.154,1.056111084,1.094053223,113.6666667,20.33333333,19.33333333,1.268666667,193,300.999115,28.32124519,5.851960271,97029.6875,195.7365609,1.58713758,5.632622242
20160608,1041A,118.1997,39.6295,1.154,1.056111084,1.080276733,53,37,31.66666667,1.397666667,190.3333333,300.9729919,28.51567841,5.846948961,97100.32813,195.5117892,1.563688397,5.63397646
20160608,1054A,115.4612,38.8416,1.788,1.674599976,1.620874756,130,6.666666667,18,1.391,192,298.627594,41.92882919,4.686862575,94102.80469,202.4479905,1.789653301,4.331722736
20160608,1055A,115.442,38.8756,1.788,1.674599976,1.678577759,122,23.66666667,24,1.363,170,298.5917358,41.62404633,4.681122973,93981.00781,202.409216,1.784533381,4.327626705
20160608,1062A,117.9664,40.9161,0.194,0.188375,0.186270447,17.33333333,11.66666667,14,0.486333333,161,299.9624329,20.96399117,5.924619133,93421.71094,203.0339243,2.318161726,5.452269077
20160608,1063A,117.9525,40.9843,0.218,0.203600006,0.190612808,20.66666667,8.333333333,19.66666667,0.395333333,170,299.7067871,20.57284927,5.744493893,93196.3125,203.3345826,2.275392771,5.274637222
20160608,1064A,117.963,40.9359,0.218,0.203600006,0.187213257,32,25.66666667,14,0.422666667,165,299.8884277,20.85132599,5.872553968,93357.52344,203.1145322,2.305390835,5.401116848
20160608,1065A,117.8184,40.9733,0.218,0.206,0.187462555,22.33333333,20,17,0.754,160.6666667,299.6722107,20.42688942,5.709819996,92977.88281,204.3712407,2.356141567,5.201023102
20160608,1066A,117.9384,41.0112,0.218,0.203600006,0.194786102,14.33333333,11.33333333,10.33333333,0.4,166.3333333,299.6019592,20.40577126,5.669713149,93090.98438,203.5269682,2.263239861,5.198402882
20160608,1071A,116.8854,38.2991,0.858,0.881111084,0.901674011,54.33333333,25.33333333,23.66666667,0.974,194,300.6083374,38.6863327,5.138466864,97961.27344,199.6614329,1.728896022,4.838880062
20160608,1072A,116.8584,38.3254,0.877,0.903777771,0.913001526,56.66666667,13,24.66666667,0.630666667,201.6666667,300.586731,38.67056656,5.128806474,97854.71094,199.8367502,1.74041605,4.824480057
20160608,1073A,116.8709,38.3228,0.858,0.881111084,0.911450867,56.66666667,17,23.66666667,0.747666667,212.6666667,300.5967407,38.60646439,5.133272866,97882.44531,199.755502,1.735082626,4.831146717
20160609,1021A,117.307,39.0877,0.893,1.012,1.015617493,74.33333333,14.66666667,18,1.225333333,204.3333333,302.0653076,24.29218674,8.133673132,96747.88281,175.4797464,-0.641026914,8.108373642
20160609,1025A,117.401,39.124,0.893,1.012,1.03086792,83.33333333,9.333333333,19.33333333,0.904666667,209.6666667,302.0151367,23.98408318,8.212183828,96850.35156,175.6538552,-0.622334182,8.188569069
20160609,1027A,117.157,38.9194,1.009,1.034375,1.029921143,87,21.66666667,16,0.891666667,222.6666667,302.2097473,24.94701004,7.937573203,96835.40625,173.9589347,-0.835359991,7.893493652
20160609,1044A,119.6023,39.9567,0.915,0.915,0.750671875,90.33333333,30.33333333,29,1.230333333,113,298.097229,33.952034,10.05787013,98488.125,174.7596784,-0.918619514,10.01583195
20160609,1046A,119.5369,39.9419,0.915,0.915,0.811772766,73.33333333,16,22,0.796,118,298.2172241,33.61942673,10.03788557,98402.47656,174.9794779,-0.878440976,9.99937439
20160609,1047A,114.5129,36.61763,0.958,0.88625,0.88106842,34.66666667,22.33333333,23.33333333,0.753333333,206,300.0240173,52.79001236,6.842194369,96287.91406,177.2073887,-0.333358318,6.834068775
20160609,1048A,114.5426,36.6164,0.958,0.88625,0.882723328,41.33333333,18.66666667,23.66666667,1.622,190.6666667,300.0641785,52.59387589,6.848831714,96360.67188,177.1874012,-0.336068034,6.840581417
20160609,1049A,114.5035,36.5776,0.958,0.88625,0.874083252,51,21,10.66666667,0.711666667,196.3333333,299.9807434,53.41437531,6.829779741,96315.07813,177.1214682,-0.342982829,6.821162224
20160609,1050A,114.4965,36.61981,0.856,0.8935,0.88045343,35,32,30,1.662,158.6666667,300.0029907,52.87734604,6.838894924,96245.85156,177.2218756,-0.33147043,6.830857277
20160609,1062A,117.9664,40.9161,0.708,0.561333313,0.52373822,39,13.33333333,12,0.533666667,179.6666667,300.9715271,24.48731041,11.43500576,93097.16406,189.9814741,1.982026577,11.26192379
20160609,1063A,117.9525,40.9843,0.597,0.607666687,0.540014038,23.66666667,13.66666667,21,0.622,197,300.9073486,24.3517704,11.28567769,92864.07031,190.5249231,2.061478138,11.09580231
20160609,1064A,117.963,40.9359,0.708,0.561333313,0.52819104,39,13.66666667,13,0.648,170.3333333,300.953186,24.45088577,11.39216998,93030.78906,190.1319478,2.004060984,11.21451187
20160609,1065A,117.8184,40.9733,0.655,0.618555542,0.547230713,26,13.66666667,12.33333333,0.578,176.6666667,300.8661194,23.72828865,11.15142047,92637.15625,191.586004,2.239635944,10.92420292
20160609,1066A,117.9384,41.0112,0.597,0.607666687,0.548938355,33.33333333,16.33333333,15,0.617666667,194.3333333,300.878418,24.25793076,11.2176606,92755.10156,190.8187848,2.105592489,11.01827526
20160609,1067A,116.6838,39.5178,1.019,0.9775,0.965884216,56,12,21.66666667,0.674666667,218.6666667,301.8405762,25.25842285,8.325054245,94531.60938,184.4579001,0.647077799,8.299868584
20160609,1070A,116.7464,39.5343,1.019,1.0465,0.95934491,50.33333333,12,16.66666667,0.748333333,226.6666667,301.8178406,25.08369064,8.378283922,94619.85156,184.3672419,0.637997627,8.353957176
20160609,1071A,116.8854,38.2991,1.283,1.3645,1.347375977,79,29,23.66666667,1.071,202.3333333,302.2966614,26.84941673,7.867203585,97744.98438,174.8587419,-0.704991996,7.835552216
20160609,1072A,116.8584,38.3254,1.283,1.3645,1.332676758,77,19,26,0.676,207,302.3052979,26.91341019,7.860314967,97635.99219,174.9490681,-0.69203198,7.829792023
20160609,1073A,116.8709,38.3228,1.283,1.3645,1.338254517,79.33333333,23.66666667,28.33333333,0.827666667,210,302.3013,26.86770248,7.863501428,97664.41406,174.9072308,-0.698031962,7.832458496
20160610,1014A,117.193,39.173,1.611,1.390199951,1.309981201,91.66666667,24.33333333,14,1.005333333,204,303.0804443,34.58817673,2.576711774,96082.5,214.9260633,1.47521615,2.112624168
20160610,1017A,117.237,39.1082,1.2,1.354833374,1.295435181,114.6666667,15.33333333,22.66666667,0.992666667,189.6666667,303.3364258,34.66901398,2.693056525,96306.83594,209.5653028,1.328795075,2.342404127
20160610,1018A,117.202,39.0927,1.2,1.354833374,1.271415771,88.33333333,11,19,1.114666667,194,303.3952942,34.63088226,2.660457351,96274.39063,210.3723595,1.345174074,2.295330048
20160610,1019A,117.1837,39.2133,1.611,1.390199951,1.326171997,108.3333333,19.33333333,12.33333333,0.858666667,227.6666667,302.9215393,34.55938721,2.535636698,95976.96094,217.5667312,1.545939684,2.009856701
20160610,1021A,117.307,39.0877,1.2,1.4055,1.312702759,90.33333333,9,17.66666667,1.356666667,174.3333333,303.4186401,34.7621727,2.817437923,96483.45313,205.6433176,1.219295383,2.539936066
20160610,1025A,117.401,39.124,1.2,1.4055,1.387835571,52,4,19,0.891333333,191,303.28479,34.87340546,2.922114596,96583.13281,203.5398007,1.167051673,2.678944588
20160610,1027A,117.157,38.9194,1.006,1.012,1.086471313,77,16,15,0.993,185,303.9516296,34.65122604,2.751190068,96567.96094,205.4940509,1.184159994,2.483306646
20160610,1067A,116.6838,39.5178,1.219,1.104777832,1.068619263,95.66666667,1.666666667,24.66666667,0.892,151.3333333,301.5684509,33.54489136,2.584677639,94331.88281,265.5060134,2.576731205,0.202521101
20160610,1068A,116.7729,39.5747,1.167,1.100777832,1.10567041,75.33333333,12.66666667,19.66666667,0.753666667,145,301.3582459,33.65077972,2.576887621,94378.66406,263.5110123,2.560379028,0.29121992
20160610,1070A,116.7464,39.5343,1.219,1.104777832,1.092776489,71,15.66666667,16.66666667,0.997333333,197,301.5188599,33.64057922,2.549264899,94417.53906,262.8886934,2.529654741,0.31559217
20160610,1071A,116.8854,38.2991,0.833,0.977222229,0.970771606,46,28,18.66666667,0.935,166.6666667,303.966095,34.86303711,2.405214006,97448,218.2287284,1.48835206,1.889407992
20160610,1072A,116.8584,38.3254,0.833,0.904777771,0.943697205,44.66666667,20,24.33333333,0.580666667,159.6666667,303.9675598,34.83542252,2.37831209,97341.95313,219.6813034,1.518592,1.830367923
20160610,1073A,116.8709,38.3228,0.833,0.904777771,0.951141907,55,19.66666667,26,0.643333333,159.6666667,303.9668884,34.84072113,2.390575537,97369.67969,219.0047542,1.504592061,1.857701302
20160610,1074A,115.6951,37.7575,0.854,0.8025,0.79352948,70.33333333,17.66666667,8.333333333,0.780666667,182.3333333,303.08255,35.84902573,2.484416757,96688.99219,276.9136159,2.466351986,-0.299056023
20160611,1029A,114.4548,38.0513,0.399,0.339799988,0.333724976,4.333333333,6,11,0.284666667,134,295.112793,19.46431541,1.252228062,93918.8125,33.98691516,-0.699999988,-1.038303971
20160611,1030A,114.6046,38.0398,0.399,0.366428558,0.346763641,4.666666667,14.66666667,9.666666667,0.413666667,100.6666667,295.5122681,19.39563942,1.312464043,94305.76563,32.23193918,-0.699999988,-1.110208035
20160611,1032A,114.4586111,38.00583333,0.399,0.339799988,0.323041107,8.333333333,21,15,0.264666667,61.66666667,295.1229553,19.46017838,1.253745342,94032.28906,33.94018112,-0.699999988,-1.040133357
20160611,1033A,114.5330556,38.01777778,0.399,0.366428558,0.334091309,11,7.333333333,15,0.301333333,131.6666667,295.3214722,19.42593193,1.283545534,94184.77344,33.0495637,-0.699999988,-1.075866699
20160611,1034A,114.5214,38.0524,0.399,0.366428558,0.339932617,5.333333333,7.333333333,2,0.164333333,135.3333333,295.2904053,19.43463707,1.278859676,94076.25,33.18626292,-0.699999988,-1.070271969
20160611,1035A,114.3541,37.9097,0.267,0.278166657,0.275076294,13.66666667,27,33.33333333,0.644,76.66666667,294.87323,19.51124001,1.214384375,93995.52344,35.39270379,-0.703343987,-0.989968002
20160611,1067A,116.6838,39.5178,0.212,0.320714294,0.289927155,2,2,23.66666667,0.232,121,298.1347656,23.32860565,2.272927916,94820.90625,22.61103167,-0.873879671,-2.098222017
20160611,1068A,116.7729,39.5747,0.212,0.212857147,0.258366943,5.666666667,1,8.666666667,0.569666667,108,297.9926758,23.60227013,2.306490588,94870.78906,23.2319399,-0.909805059,-2.119470119
20160611,1070A,116.7464,39.5343,0.408,0.2665,0.272012299,1,1.333333333,14.33333333,0.438,122.6666667,298.112854,23.48456955,2.283878716,94907.20313,23.1101207,-0.896421552,-2.100602388
20160612,1049A,114.5035,36.5776,0.792,0.77,0.667295227,18.33333333,17.33333333,8.666666667,0.654333333,189,298.7059326,40.69210434,4.798610311,96132.57813,178.7757399,-0.102525875,4.797514915
20160614,1047A,114.5129,36.61763,0.901,0.940833313,0.887566284,11,9.666666667,14.33333333,0.464,137,290.6253967,70.82675934,2.379347021,95230.9375,12.61239045,-0.519540727,-2.321932316
20160614,1048A,114.5426,36.6164,0.901,0.940833313,0.877369446,8,9.333333333,15,0.515666667,104,290.6552734,71.32850647,2.370069879,95301.39063,13.20963315,-0.541595578,-2.30735898
20160614,1049A,114.5035,36.5776,0.901,0.940833313,0.878356995,17,12,4,0.335,119,290.7123413,70.89751434,2.337202882,95256.09375,11.58344068,-0.469298303,-2.289601803
20160614,1050A,114.4965,36.61981,0.901,0.940833313,0.892992188,14.66666667,22.66666667,18.33333333,1.356,90.66666667,290.6053162,70.54117584,2.38625996,95190.26563,12.31527129,-0.5089674,-2.331349134
20160615,1005A,116.473,39.9716,0.178,0.220199997,0.221759979,12,2,15.33333333,0.4,137.6666667,293.6999817,49.42263794,1.198774843,92915.75781,324.3031625,0.699480832,-0.973543882
20160615,1008A,116.72,40.1438,0.21,0.192571426,0.217272659,12.66666667,2,9,0.233333333,126.3333333,293.7415161,49.02098084,1.247632413,92951.625,330.4361729,0.615572929,-1.085198879
20160615,1014A,117.193,39.173,0.394,0.371600006,0.352067352,18.33333333,2.333333333,9.333333333,0.645333333,147.3333333,294.1096802,59.20040131,0.806668632,96117.99219,255.0516166,0.779369831,0.208079189
20160615,1015A,117.145,39.1654,0.394,0.358375,0.354681641,16,3,8,0.310333333,151,294.1013794,58.92831421,0.806073402,96045.35156,254.8983277,0.778235674,0.210008487
20160615,1017A,117.237,39.1082,0.354,0.377714294,0.359736481,11,5,15.66666667,0.400666667,151,294.130127,59.96713638,0.853088721,96341.77344,250.5760722,0.804534197,0.283698946
20160615,1018A,117.202,39.0927,0.354,0.377714294,0.361743317,14.66666667,7.666666667,11.33333333,0.434,152,294.1262817,59.83734131,0.859025547,96311.03906,249.7970185,0.80617404,0.296661943
20160615,1019A,117.1837,39.2133,0.394,0.371600006,0.343147919,14.66666667,8,8.666666667,0.555333333,160.3333333,294.1002197,58.84931946,0.782960358,96012.0625,258.006334,0.765868783,0.162701964
20160615,1027A,117.157,38.9194,0.377,0.359777771,0.368922791,15.66666667,10,12,0.429666667,161,294.1451111,60.75802994,0.956695613,96609.78906,242.0520834,0.845120013,0.448373348
20160615,1029A,114.4548,38.0513,0.151,0.180857147,0.208546021,5,3.666666667,10,0.345333333,50.66666667,293.042572,43.50944901,0.619306566,93644.67188,318.2024756,0.412768006,-0.461695999
20160615,1030A,114.6046,38.0398,0.173,0.217,0.230491638,5.666666667,10.66666667,11.66666667,0.471666667,71.33333333,293.122467,45.00183868,0.58538547,94032.49219,311.7492864,0.436736017,-0.389791995
20160615,1031A,114.5019,38.1398,0.24,0.184777771,0.203389069,17.66666667,3.666666667,10.33333333,0.853,127.3333333,293.067688,43.6684761,0.607827042,93546.69531,316.2521339,0.420304,-0.439087987
20160615,1032A,114.4586111,38.00583333,0.156,0.198,0.213940399,9.333333333,2.333333333,9,0.331333333,75,293.0445862,43.69675446,0.618351482,93761.4375,318.0473787,0.413377792,-0.459866673
20160615,1033A,114.5330556,38.01777778,0.222,0.209125,0.224718353,10,4,10.66666667,0.447666667,146.6666667,293.0842896,44.3821373,0.600632744,93913.10156,314.9220551,0.425288886,-0.424133301
20160615,1034A,114.5214,38.0524,0.173,0.191111115,0.217874146,13.33333333,2,1.333333333,0.198333333,79.33333333,293.0780945,44.15136337,0.603286038,93802.03906,315.4233568,0.423424006,-0.429728001
20160615,1047A,114.5129,36.61763,0.348,0.326222229,0.331392883,9.333333333,16.66666667,20,0.634,165.3333333,293.763855,47.7494545,0.183072208,96096.53125,297.6837303,0.162115127,-0.085053623
20160615,1048A,114.5426,36.6164,0.348,0.326222229,0.33927478,10,11.33333333,21,0.724,121,293.7722473,48.01467896,0.183574783,96167.875,293.6855211,0.168111205,-0.07374499
20160615,1049A,114.5035,36.5776,0.348,0.326222229,0.343056915,17.33333333,11.66666667,5,0.461,154.6666667,293.8223267,47.74930954,0.148911934,96119.61719,292.8306221,0.137245566,-0.057779051
20160615,1050A,114.4965,36.61981,0.348,0.326222229,0.32732431,28,19,22,1.354,107.3333333,293.7569275,47.59981537,0.184500391,96055.42188,300.073758,0.159663141,-0.092455804
20160615,1051A,115.493,38.8632,0.25,0.235333328,0.235783157,20,20.66666667,18,0.369,124.6666667,293.5962524,49.11503601,0.580038411,93730.09375,266.3783169,0.578880012,0.036640003
20160615,1052A,115.5223,38.8957,0.25,0.235333328,0.235712387,9,3,12.66666667,0.766333333,134,293.611908,49.17263794,0.585766574,93701.50781,265.0342598,0.583567977,0.050704002
20160615,1053A,115.4713,38.9108,0.25,0.235333328,0.229252838,12.66666667,8,12.66666667,0.584,131.6666667,293.5846863,48.73529053,0.576005247,93571.14063,267.3905734,0.575407982,0.026224004
20160615,1054A,115.4612,38.8416,0.25,0.229666672,0.234478348,5,2,12.66666667,0.254,135,293.5793152,48.98564529,0.574190013,93727.09375,267.8664955,0.573791981,0.021376003
20160615,1055A,115.442,38.8756,0.25,0.229666672,0.231122482,8,6.666666667,12,0.304666667,128.3333333,293.5690613,48.68845749,0.570849545,93606.76563,268.779418,0.570720017,0.012160003
20160615,1056A,115.5214,38.8707,0.25,0.235333328,0.237816071,23.33333333,17.33333333,18.33333333,0.355666667,139.3333333,293.6114197,49.284935,0.585585865,93762.55469,265.0751499,0.583423972,0.050272003
20160615,1067A,116.6838,39.5178,0.309,0.272222229,0.266948639,7,3.333333333,29.33333333,0.315666667,124.3333333,293.9067688,53.52725601,0.763983954,94379.49219,293.2903417,0.701729238,-0.302072108
20160615,1068A,116.7729,39.5747,0.227,0.240777771,0.255244598,22.33333333,1.5,9,0.488333333,120.6666667,293.9157715,53.71522141,0.770883768,94421.70313,296.9672544,0.687062383,-0.349581271
20160615,1070A,116.7464,39.5343,0.309,0.272222229,0.261937378,13.66666667,2.666666667,14,0.472,129.3333333,293.9193115,53.81378937,0.759736568,94462.47656,293.78001,0.695235252,-0.306345552
20160615,1072A,116.8584,38.3254,0.3,0.310666657,0.336899231,16,13.66666667,22.66666667,0.474333333,153,294.0973511,62.58683014,0.907065972,97409.59375,241.5263386,0.797343969,0.432448
20160615,1074A,115.6951,37.7575,0.413,0.395444458,0.382749115,22.33333333,12.33333333,8,0.558666667,158.3333333,293.7040405,56.10717773,0.625657094,96831.48438,257.6658786,0.611216009,0.133648008
20160615,1075A,115.6426,37.7379,0.413,0.367,0.383947235,24.33333333,9,16,0.453333333,155,293.6760559,55.74018097,0.612493333,96796.19531,259.8014477,0.602815986,0.108448006
20160615,1076A,115.6906,37.739,0.413,0.395444458,0.38850473,16.66666667,6.666666667,14,0.443666667,153,293.7016602,56.15984344,0.624495352,96870.08594,257.8453675,0.610495985,0.13148801
20160615,1077A,114.4821,37.0967,0.086,0.164111115,0.173164948,8.666666667,9,14.33333333,0.354666667,100.3333333,293.0571289,46.46540833,0.612566113,95479.24219,317.0809135,0.417136014,-0.448592007
20160615,1078A,114.5261,37.0533,0.086,0.164111115,0.200908051,10.66666667,17.33333333,16,0.324333333,145.6666667,293.1146545,46.98005676,0.580936973,95638.50781,314.9254917,0.411318332,-0.410249919
20160615,1079A,114.5331,37.0964,0.086,0.164111115,0.193771835,17,13.66666667,20.33333333,0.245333333,126.3333333,293.0843201,46.96021652,0.600622741,95607.71094,314.9201359,0.425296009,-0.424111992
20160615,1080A,114.4854,37.062,0.086,0.164111115,0.182592636,1.333333333,15.66666667,17.66666667,0.424666667,85.33333333,293.0802917,46.57045364,0.598402206,95526.95313,316.7990116,0.409642041,-0.436209351
20160616,1017A,117.237,39.1082,0.252,0.252,0.17326033,38.66666667,10.33333333,29.33333333,0.756666667,193.3333333,303.5638428,19.60824013,4.890660846,95946.65625,216.3224481,2.896879673,3.940387249
20160616,1018A,117.202,39.0927,0.252,0.252,0.201310043,33.33333333,40,28.33333333,1.239666667,231.6666667,303.5548706,19.60663986,4.872822642,95915.69531,216.2644442,2.88233757,3.928935051
20160616,1024A,117.457,38.8394,0.11,0.11,0.227722275,44,16.66666667,21.66666667,0.954333333,173,304.0874634,19.91127968,4.981193339,96935.0625,213.708102,2.764373302,4.143733501
20160616,1029A,114.4548,38.0513,0.552,0.419,0.371651856,2,6.333333333,15.33333333,0.266333333,63,299.6404419,18.46855927,3.616167161,93229.78906,216.0001228,2.125535965,2.925536156
20160616,1032A,114.4586111,38.00583333,0.552,0.419,0.389309113,33,11.33333333,13,0.228666667,66.66666667,299.6471558,18.51255608,3.617870588,93346.33594,216.0043954,2.126755476,2.926755667
20160616,1033A,114.5330556,38.01777778,0.552,0.48575,0.414641235,5,10.66666667,13,0.282666667,141.3333333,299.7781677,18.6518898,3.651149844,93495.74219,216.087059,2.150577784,2.950577974
20160616,1034A,114.5214,38.0524,0.552,0.48575,0.393794708,7.666666667,6,3.666666667,0.128333333,95,299.7576599,18.60087967,3.645938867,93385.16406,216.0742161,2.146847963,2.946848154
20160616,1047A,114.5129,36.61763,0.523,0.489,0.423641022,7.333333333,23.33333333,29,0.939666667,159.3333333,300.2608032,22.33986855,3.623560041,95745.98438,210.680844,1.848941088,3.11634469
20160616,1048A,114.5426,36.6164,0.523,0.489,0.429091003,5.666666667,19.33333333,29.66666667,1.079333333,112.6666667,300.3102112,22.39549065,3.632039686,95816.70313,210.7541853,1.857264757,3.12126255
20160616,1049A,114.5035,36.5776,0.523,0.489,0.434584503,10.66666667,16.33333333,8.333333333,0.512333333,166.3333333,300.2909546,22.47419167,3.620915464,95772.375,210.1798176,1.820290208,3.130107403
20160616,1050A,114.4965,36.61981,0.523,0.489,0.41938974,8.333333333,40,42,1.199,150.6666667,300.2318115,22.30350113,3.618869171,95705.10938,210.6580593,1.845309734,3.1130445
20160616,1063A,117.9525,40.9843,0.193,0.204333328,0.194894119,28.66666667,41.33333333,24.66666667,1.146666667,125.3333333,300.8792725,17.93532944,5.262793001,92267.29688,228.7435381,3.956385851,3.470446825
20160616,1065A,117.8184,40.9733,0.218,0.211,0.200446213,22,77,35.33333333,1.591,109.3333333,300.7591553,17.80340767,5.256005705,92056.625,230.3881266,4.049127579,3.35114336
20160616,1066A,117.9384,41.0112,0.193,0.204333328,0.195561142,20.66666667,25.66666667,25,0.861666667,124.6666667,300.8087769,17.87073135,5.214325056,92162.20313,229.1192609,3.942413092,3.412706375
20160616,1070A,116.7464,39.5343,0.162,0.309,0.419901367,24.66666667,5,20.33333333,0.593666667,191,302.2489929,19.07111931,4.754328983,94062.83594,224.8216766,3.351338863,3.3722651
20160616,1071A,116.8854,38.2991,0.686,0.649875,0.672287598,11,18.33333333,22.66666667,0.641666667,142.3333333,303.4777527,20.11487961,4.712869958,97118.48438,215.4568613,2.733887911,3.838880062
20160616,1072A,116.8584,38.3254,0.686,0.649875,0.66619043,8.333333333,8.333333333,24.66666667,0.382333333,151,303.4489441,20.08304024,4.700310663,97012.67188,215.5443901,2.732448101,3.824480057
20160616,1073A,116.8709,38.3228,0.686,0.649875,0.668793518,6,17.33333333,20.66666667,0.301666667,167,303.4622803,20.09012032,4.706123801,97040.0625,215.5038099,2.733114719,3.831146717
20160616,1077A,114.4821,37.0967,0.365,0.337833344,0.268252991,3.333333333,7.666666667,9.333333333,0.342,94.33333333,299.6885071,20.48291779,3.628369998,95092.84375,216.0306411,2.13427186,2.934272051
20160616,1079A,114.5331,37.0964,0.311,0.34,0.281192017,9.666666667,7,13.33333333,0.181,126,299.7782593,20.57946014,3.651169497,95219.54688,216.0871073,2.15059185,2.950592041
20160618,1012A,116.225,39.9279,0.137,0.253166672,0.299650543,44,4,28.33333333,0.533333333,214.3333333,300.5449829,24.71774864,2.072343142,92748.89063,278.808907,2.047899008,-0.317357451
20160618,1036A,118.1662,39.6308,1.087,1.05825,1.028680786,29.33333333,35,15,0.659,192.6666667,302.9991455,26.67793846,3.086405975,96809.40625,204.5666671,1.283178687,2.807018757
20160618,1037A,118.144,39.643,1.087,1.05825,1.024077148,22,25.33333333,19,0.821333333,196.3333333,303.0411987,26.54305267,3.046777371,96759.67969,205.5042607,1.311875939,2.749878883
20160618,1038A,118.1853,39.6407,1.087,1.05825,1.028252319,32.33333333,19.33333333,27,1.088,188.3333333,302.9322205,26.72336578,3.108419224,96817.03125,204.4288195,1.285525441,2.830140352
20160618,1039A,118.2185,39.6679,1.087,1.05825,1.021011047,27.33333333,20,20.66666667,0.299,183.3333333,302.8042908,26.76542282,3.14055789,96813.78906,204.5038753,1.302561402,2.857697964
20160618,1040A,118.1838,39.65782,1.087,1.05825,1.023936523,42.66666667,27.66666667,15,0.96,175.3333333,302.9113159,26.65728378,3.095856796,96785.75,205.0129071,1.308997631,2.805504322
20160618,1041A,118.1997,39.6295,1.087,1.05825,1.031297363,24.33333333,63.66666667,37.66666667,0.994333333,202.3333333,302.908905,26.82290268,3.136715815,96854.74219,203.7367371,1.262637258,2.871364355
20160618,1047A,114.5129,36.61763,0.765,0.876111084,0.869105469,19,19.33333333,18,0.629333333,174,299.5495911,35.80301285,0.733829115,96015.51563,172.9509214,-0.090055138,0.728282392
20160618,1048A,114.5426,36.6164,0.803,0.840555542,0.867968079,22.66666667,13.33333333,21.66666667,0.696,161.6666667,299.6135254,35.78636932,0.742153201,96087.20313,173.4269944,-0.084953621,0.737274885
20160618,1049A,114.5035,36.5776,0.804,0.844,0.872604981,27,17,6.333333333,0.457333333,225.3333333,299.6465149,35.9278717,0.768240834,96036.98438,170.9807212,-0.120434649,0.758742034
20160618,1050A,114.4965,36.61981,0.765,0.876111084,0.869564819,19.33333333,24.66666667,18.33333333,0.656333333,172.6666667,299.5099182,35.80774689,0.727883865,95974.28125,172.7538167,-0.091810092,0.722070515
20160618,1074A,115.6951,37.7575,1.375,1.320666626,1.26884375,64,37.66666667,28.66666667,0.936,235.6666667,300.9978333,31.19547844,0.966087169,96841.66406,214.8482299,0.552026629,0.792837322
20160618,1075A,115.6426,37.7379,1.375,1.320666626,1.280131348,66.66666667,35.66666667,18.33333333,0.914,252.3333333,300.8746338,31.33017921,0.942002469,96801.9375,214.8306007,0.538026631,0.773237348
20160618,1076A,115.6906,37.739,1.375,1.320666626,1.267763184,56,32.33333333,16.66666667,0.769,246.3333333,300.9872742,31.25224876,0.964022819,96878.3125,214.8467539,0.550826669,0.791157365
20160618,1077A,114.4821,37.0967,0.871,0.939375,0.929341858,22,28,19.66666667,0.613333333,161.3333333,298.1513367,34.40323639,0.409669128,95416.00781,213.9116362,0.228560001,0.339984
20160618,1078A,114.5261,37.0533,0.871,0.939375,0.939319885,27.33333333,31.33333333,19,0.557,240,298.3201599,34.50806046,0.436859509,95573.83594,210.8519992,0.224031255,0.375041634
20160618,1079A,114.5331,37.0964,0.871,0.939375,0.953749756,46.33333333,32.33333333,30,0.497333333,207,298.2709961,34.37714005,0.433058558,95544.65625,213.9994795,0.242160007,0.359024018
20160618,1080A,114.4854,37.062,0.871,0.939375,0.923460877,14.33333333,31,22,0.699666667,153.6666667,298.1999817,34.50436783,0.415542266,95462.41406,211.8820952,0.219478205,0.352852225
20160620,1001A,116.366,39.8673,1.069,1.256714233,1.276666382,68,5.333333333,18,1,262.6666667,302.7743225,38.87819672,3.754268778,92861.07813,210.1538378,1.885857224,3.246240377
20160620,1003A,116.434,39.9522,1.502,1.3955,1.353282349,80,5.666666667,19.66666667,0.966666667,233,302.6226196,38.84183121,3.843825818,92805.57813,211.6297681,2.015811205,3.272843122
20160620,1005A,116.473,39.9716,1.502,1.3955,1.370798828,77.33333333,6.666666667,18.66666667,0.966666667,253.6666667,302.5970459,38.81490707,3.889340648,92841.11719,211.479961,2.031014919,3.316918612
20160620,1006A,116.361,39.9425,1.502,1.308199951,1.330133911,77.33333333,7,20.66666667,0.933333333,229,302.6192932,38.89867783,3.768562929,92678.89063,212.7932604,2.04108882,3.167968273
20160620,1036A,118.1662,39.6308,1.675,1.544428589,1.669956299,73,41.33333333,14.66666667,1.123333333,197.6666667,303.251709,39.49954987,5.891994903,96516.57031,183.0280318,0.311241835,5.883768559
20160620,1037A,118.144,39.643,1.675,1.544428589,1.628069336,79.66666667,34.33333333,38.33333333,1.596,208.6666667,303.3054199,39.43948364,5.876002584,96466.39063,183.4291338,0.351466924,5.865481853
20160620,1038A,118.1853,39.6407,1.675,1.544428589,1.688583618,86.66666667,24.33333333,29.33333333,1.5,201.3333333,303.1941223,39.54205322,5.912312829,96524.375,183.0695005,0.316588193,5.903830528
20160620,1039A,118.2185,39.6679,1.675,1.800400024,1.715101318,68.33333333,29.66666667,25,0.869666667,194,303.0914307,39.60958481,5.950786137,96521.36719,183.3228442,0.34491986,5.940781593
20160620,1040A,118.1838,39.65782,1.675,1.544428589,1.672287354,89.66666667,25.33333333,20.33333333,1.553666667,171,303.1893616,39.53022766,5.916470464,96492.89844,183.4021103,0.351101935,5.90604353
20160620,1041A,118.1997,39.6295,1.675,1.800400024,1.717243286,52.33333333,83.66666667,44,1.293666667,215.3333333,303.1602783,39.58302689,5.92183032,96562.40625,182.7509073,0.284211993,5.915006161
20160620,1050A,114.4965,36.61981,1.769,1.575,1.825806396,50,10.33333333,27.33333333,1.427666667,87.66666667,302.8563232,49.10325241,2.673744656,95782.82031,185.7664664,0.268641829,2.660214663
20160621,1062A,117.9664,40.9161,0.338,0.342555542,0.350928833,46.33333333,11.33333333,16.33333333,0.951333333,143.6666667,303.2574768,32.59848404,7.872542937,92898.97656,189.9547804,1.360933423,7.75401783
20160621,1063A,117.9525,40.9843,0.338,0.342555542,0.346909088,42.66666667,11.33333333,11.33333333,0.89,205.3333333,303.1614685,32.03858185,7.643890455,92673.46094,189.9672688,1.323047042,7.52851963
20160621,1064A,117.963,40.9359,0.338,0.342555542,0.349349304,59,27.66666667,17.66666667,0.694666667,181.6666667,303.2295837,32.43809128,7.807027818,92834.75,189.9525815,1.349312663,7.689540863
20160621,1065A,117.8184,40.9733,0.543,0.517,0.396984528,74,32,24.33333333,2.152,190.3333333,303.1680908,31.6713829,7.475897938,92455.89844,191.1583321,1.446742535,7.334574699
20160621,1066A,117.9384,41.0112,0.24,0.340888886,0.349147003,66.33333333,13,11,0.933333333,178.3333333,303.123291,31.78868866,7.541131637,92568.14844,190.049356,1.315900683,7.425434113
20160622,1001A,116.366,39.8673,0.947,0.882285706,0.877275757,74.33333333,2.666666667,29,1.033333333,215,304.4692688,26.23676109,4.763360408,92740.59375,234.2184087,3.864284277,2.785122871
20160622,1003A,116.434,39.9522,0.813,0.813333313,0.846923767,75,2.666666667,38,1,178,304.3837585,25.49562073,4.835655752,92679.05469,235.6752182,3.993547916,2.726745605
20160622,1004A,116.434,39.8745,0.812,0.857666687,0.871593933,72,2.666666667,24.66666667,0.8,194.6666667,304.4358215,26.49112701,4.823554546,92861.46875,232.966054,3.850541353,2.905169487
20160622,1005A,116.473,39.9716,0.813,0.813333313,0.842173584,76,2,39.66666667,0.866666667,198,304.3583679,25.4367466,4.872927255,92713.19531,235.4437049,4.01319313,2.764000893
20160622,1006A,116.361,39.9425,0.813,0.820833313,0.848666443,88.66666667,2.666666667,40.66666667,0.933333333,192,304.4155273,25.2600975,4.774074155,92553.00781,237.0348338,4.005455494,2.597712517
20160622,1007A,116.315,39.9934,0.813,0.820833313,0.832304871,79,3,37.33333333,0.833333333,196.6666667,304.3913269,24.39480019,4.757101844,92338.74219,239.9754399,4.118751049,2.380316734
20160622,1011A,116.407,40.0031,0.813,0.813333313,0.829157959,74.66666667,3.333333333,26,0.766666667,205,304.3573608,24.73491859,4.828325259,92503.57031,238.085583,4.098469257,2.552503586
20160622,1014A,117.193,39.173,1.199,1.236333374,1.250868896,55.33333333,6.666666667,28.33333333,0.797333333,152,304.061615,40.52808762,6.058103701,95959.35156,202.6509496,2.333073378,5.590830803
20160622,1015A,117.145,39.1654,1.199,1.236333374,1.262064819,51.66666667,2.333333333,15,0.575,166.3333333,304.1147461,40.31824493,6.007689244,95884.53906,202.8630825,2.334169388,5.535700798
20160622,1017A,117.237,39.1082,1.291,1.28,1.26661499,44.66666667,8.333333333,36,0.076333333,178.3333333,304.004303,41.76758194,6.166431357,96187.01563,200.9824458,2.208087444,5.757536411
20160622,1018A,117.202,39.0927,1.2,1.282444458,1.277608765,40,6,23.33333333,0.559,162.6666667,304.0440369,41.75492096,6.139728879,96154.90625,200.9109264,2.191368341,5.73534441
20160622,1019A,117.1837,39.2133,1.199,1.236333374,1.232826294,52.66666667,11.66666667,22.33333333,0.762,171.3333333,304.0750427,39.88221359,6.013113488,95851.9375,203.5831354,2.405722141,5.510901451
20160622,1025A,117.401,39.124,1.291,1.301142822,1.23966394,49.66666667,3.333333333,27,0.522666667,111.3333333,303.815918,42.64573669,6.346406903,96464.21094,200.1633797,2.187595606,5.957458019
20160622,1027A,117.157,38.9194,1.317,1.354571411,1.328695313,62.33333333,17.66666667,13,1.380666667,184.3333333,304.0906677,43.94847488,6.228400078,96455.67969,198.3238634,1.95813334,5.912586689
20160622,1029A,114.4548,38.0513,0.464,0.524666687,0.515887085,7.666666667,11.66666667,16,0.963666667,52.33333333,303.8638306,33.31108093,2.69185778,93366.125,214.6320024,1.529791951,2.214911938
20160622,1030A,114.6046,38.0398,0.584,0.663111084,0.643192871,7.333333333,25.33333333,26.66666667,1.255666667,137.3333333,303.9836731,34.34668732,2.902142741,93750.85938,213.1200697,1.58571732,2.430624008
20160622,1031A,114.5019,38.1398,0.526,0.497,0.56389325,61,15,24.33333333,0.571666667,221,303.9015198,32.8324852,2.757762761,93268.94531,214.1317882,1.547376037,2.282735825
20160622,1032A,114.4586111,38.00583333,0.584,0.512333313,0.517014893,3.666666667,57.33333333,33.33333333,1.122333333,47.66666667,303.8668823,33.72798157,2.697182676,93481.9375,214.5906208,1.531214833,2.220399857
20160622,1033A,114.5330556,38.01777778,0.584,0.563666687,0.585240601,22,42.66666667,27.33333333,0.976,114,303.9264221,34.09285355,2.801468519,93632.40625,213.8138521,1.559007406,2.327600002
20160622,1034A,114.5214,38.0524,0.464,0.561333313,0.574047363,19.66666667,16,19,0.624333333,165,303.9171143,33.71634674,2.785107732,93522.23438,213.931628,1.554656029,2.310815811
20160622,1035A,114.3541,37.9097,0.261,0.428222229,0.447819458,41,56,62.66666667,0.980666667,50.66666667,303.7665405,33.88214111,2.559191358,93452.07813,215.6363155,1.491082668,2.079935789
20160622,1036A,118.1662,39.6308,1.049,1.031888916,1.021653015,31.66666667,51,40.66666667,2.157,162.6666667,303.3704224,42.2434845,7.121289025,96432.6875,202.6873752,2.746700764,6.57026577
20160622,1037A,118.144,39.643,0.947,1.004666687,1.015434814,23.33333333,44,32,2.088666667,183.6666667,303.4468994,41.82951355,7.10288768,96381.05469,203.1122262,2.788120508,6.532793999
20160622,1038A,118.1853,39.6407,0.947,1.004666687,1.022062866,32.66666667,37.33333333,39.66666667,2.450666667,161,303.3264465,42.27661896,7.133807317,96440.07813,202.615094,2.743223667,6.585281372
20160622,1039A,118.2185,39.6679,0.947,0.987,1.020246094,34,17.66666667,46.33333333,1.496333333,134.6666667,303.2626953,42.17459106,7.1538175,96435.54688,202.6250901,2.752070427,6.603272915
20160622,1040A,118.1838,39.65782,0.947,1.004666687,1.017032776,48,38.33333333,43,2.342333333,171.6666667,303.3495178,41.99023819,7.12979025,96407.17969,202.8750541,2.77151227,6.569066048
20160622,1041A,118.1997,39.6295,1.049,1.031888916,1.027571167,33.66666667,37.33333333,48.66666667,2.435333333,161.3333333,303.2727356,42.59758759,7.146601351,96479.32031,202.2965473,2.711423397,6.612268448
20160622,1047A,114.5129,36.61763,0.827,0.748111084,0.71195398,64,90.66666667,59.66666667,3.960666667,152,303.8038635,51.99188614,3.080883184,95837.625,198.4801702,0.976567328,2.922012568
20160622,1048A,114.5426,36.6164,0.827,0.748111084,0.72234436,72.66666667,39.66666667,59,2.976333333,137,303.8149109,52.26233292,3.112676381,95909.09375,198.4170967,0.983394563,2.953250647
20160622,1049A,114.5035,36.5776,0.827,0.748111084,0.704286072,70,83.66666667,79.66666667,4.304,130,303.7913208,52.52412033,3.107914048,95862.10156,197.2917521,0.923788369,2.967447519
20160622,1050A,114.4965,36.61981,0.697,0.690888916,0.70638385,55.66666667,63,105.6666667,4.483333333,83.66666667,303.7980652,51.81966782,3.061937328,95796.39844,198.5612105,0.974668503,2.902667999
20160622,1051A,115.493,38.8632,0.867,0.902571411,0.878375855,61.33333333,22.33333333,22.66666667,0.768333333,188.3333333,304.694397,32.53507233,4.176108143,93484.79688,207.331139,1.917386651,3.709920168
20160622,1052A,115.5223,38.8957,0.934,0.923571411,0.888784546,59.66666667,31.66666667,23.66666667,1.095,203,304.7178345,32.40029907,4.218623531,93458.13281,207.200021,1.928325415,3.75211215
20160622,1053A,115.4713,38.9108,0.867,0.902571411,0.874112244,50.33333333,5,26,0.723666667,107.6666667,304.6770325,31.86844063,4.14463492,93325.11719,207.4299818,1.909285307,3.678672075
20160622,1054A,115.4612,38.8416,0.867,0.902571411,0.868923645,61.33333333,4.333333333,15,0.541333333,146.3333333,304.6689453,32.53112793,4.129990413,93479.79688,207.4765014,1.905514717,3.664128065
20160622,1055A,115.442,38.8756,0.867,0.902571411,0.861487793,56.66666667,16,15.33333333,0.452,140.6666667,304.653595,32.02908707,4.102158885,93358.76563,207.5658478,1.898346663,3.636480093
20160622,1056A,115.5214,38.8707,0.934,0.923571411,0.887057556,49.66666667,16,22.66666667,0.999,214.6666667,304.7171021,32.66294861,4.217317211,93518.89844,207.2040088,1.927989364,3.750816107
20160622,1062A,117.9664,40.9161,0.233,0.242333328,0.241457184,24.33333333,8.333333333,19,0.62,140.6666667,304.4208679,27.03653908,6.675381649,92773.51563,224.6479409,4.691114903,4.749122143
20160622,1063A,117.9525,40.9843,0.225,0.2545,0.253350205,21.66666667,14.33333333,12.33333333,0.576333333,179.6666667,304.2657471,26.36447716,6.442810996,92547.52344,225.9365843,4.629613876,4.480679512
20160622,1064A,117.963,40.9359,0.233,0.242333328,0.244625137,31.33333333,26,13,0.362666667,171.6666667,304.3762207,26.84663963,6.608392188,92709.15625,224.9982321,4.672694683,4.67298317
20160622,1065A,117.8184,40.9733,0.363,0.298666657,0.249329269,22.33333333,16.66666667,13.66666667,0.801,166,304.2146606,25.3124733,6.284415554,92328.79688,228.8108461,4.729271412,4.138583183
20160622,1066A,117.9384,41.0112,0.225,0.2545,0.258839172,37.66666667,15.33333333,13,0.707666667,168.3333333,304.1996155,26.02701187,6.339924499,92441.94531,226.670154,4.611758709,4.350439548
20160622,1067A,116.6838,39.5178,1.077,1.054199951,1.034081177,30.66666667,4.666666667,24.33333333,0.733666667,132,304.4827271,32.53007889,5.185573576,94190.625,216.8138898,3.107287407,4.151498318
20160622,1068A,116.7729,39.5747,1.077,1.032714233,1.004439697,31,6.666666667,13.66666667,1.109333333,152,304.3952637,32.28179169,5.25881963,94235.60938,217.1842671,3.178327322,4.189680099
20160622,1071A,116.8854,38.2991,1.355,1.397833374,1.416203369,43.33333333,21.33333333,12.66666667,1.096666667,177,304.4527893,50.56196594,5.937435901,97357.92969,199.9983299,2.030560017,5.579423904
20160622,1072A,116.8584,38.3254,1.355,1.397833374,1.404076904,54,20.33333333,15.66666667,0.793666667,161,304.4888,49.96753311,5.908803302,97250.29688,200.1737679,2.037760019,5.546304226
20160622,1073A,116.8709,38.3228,1.355,1.397833374,1.408983521,42.33333333,14.66666667,12.33333333,0.692333333,162,304.4721069,50.11027527,5.922052224,97278.36719,200.0923358,2.034426689,5.561637402
20160622,1074A,115.6951,37.7575,1.167,1.152,1.13830835,78.33333333,27.66666667,13.66666667,1.145333333,178,304.8560791,46.3561058,4.469782382,96591.30469,206.4775176,1.99283731,4.000944138
20160622,1075A,115.6426,37.7379,1.167,1.152,1.1188302,74.33333333,24.33333333,13.33333333,1.093,198.6666667,304.8140564,46.0567627,4.393403152,96551.75,206.688292,1.973237395,3.92534399
20160622,1076A,115.6906,37.739,1.167,1.152,1.130116577,67.33333333,19.33333333,5.666666667,0.970333333,179,304.852478,46.51811981,4.46323333,96629.44531,206.4953022,1.991157413,3.994464159
20160624,1003A,116.434,39.9522,0.144,0.14275,0.14624437,5,2,10.33333333,0.3,97.66666667,299.4595032,13.95121479,5.564211348,93186.15625,338.2428506,2.062505007,-5.167835236
20160624,1005A,116.473,39.9716,0.144,0.157600006,0.149421646,11.66666667,2,11.33333333,0.3,99.66666667,299.4576111,13.88042641,5.586497085,93218.25,338.4702084,2.050160646,-5.196709633
20160624,1006A,116.361,39.9425,0.144,0.14275,0.138757996,7.666666667,2,16,0.3,86,299.3959351,14.02824211,5.576534141,93064.59375,338.2372364,2.067580223,-5.179077625
20160624,1007A,116.315,39.9934,0.105,0.118,0.132621582,7.333333333,2,16.66666667,0.2,95,299.2105408,13.96133709,5.7010873,92854.4375,339.1014501,2.033659935,-5.326032639
20160624,1012A,116.225,39.9279,0.105,0.105,0.117875702,7,2,13.33333333,0.2,98.66666667,299.2609253,14.16362286,5.603476816,92830.57813,338.4047575,2.062345028,-5.210152149
20160624,1014A,117.193,39.173,0.162,0.141777771,0.142968338,17,3,7,0.058333333,82,302.2674255,15.14915562,3.942124674,96394.5625,317.187667,2.679064989,-2.89187789
20160624,1015A,117.145,39.1654,0.162,0.147,0.147156891,10,2.333333333,7.666666667,0.219,101.3333333,302.2332153,15.19222927,3.945123075,96322.92188,317.2345945,2.678731442,-2.896272421
20160624,1017A,117.237,39.1082,0.162,0.141777771,0.154281555,10.33333333,2.333333333,6.666666667,0.117333333,90,302.4725342,15.27566624,3.851693038,96617.1875,314.7527908,2.73528409,-2.71178174
20160624,1019A,117.1837,39.2133,0.132,0.131111115,0.135686707,9,4.333333333,7.666666667,0.194,97,302.1593933,15.06149292,3.997055501,96289,318.5344872,2.646726847,-2.995211124
20160624,1021A,117.307,39.0877,0.147,0.168,0.154101334,10.66666667,7.666666667,10.33333333,0.576666667,76,302.598175,15.28757668,3.811769885,96789.83594,313.5837611,2.761121511,-2.627888441
20160624,1025A,117.401,39.124,0.105,0.11914286,0.134602112,6,1.666666667,10,0.086,77.66666667,302.6132813,15.15384865,3.830737686,96883.21094,314.2243715,2.745160341,-2.671824455
20160624,1029A,114.4548,38.0513,0.12,0.150222229,0.168381882,1,1,11.33333333,0.119333333,114.3333333,298.4489441,18.31028366,3.5871972,93950.5,336.0649661,1.455327988,-3.278719902
20160624,1030A,114.6046,38.0398,0.167,0.175777771,0.192900116,8.666666667,2.333333333,5.666666667,0.157666667,116.6666667,298.7285767,18.2729187,3.594540878,94332.97656,334.2932094,1.55918932,-3.238773346
20160624,1031A,114.5019,38.1398,0.109,0.176777771,0.197089615,4.333333333,2.333333333,7.666666667,0.051333333,104.6666667,298.5368652,18.18027878,3.589136028,93853.57031,335.5071341,1.487983942,-3.266160011
20160624,1032A,114.4586111,38.00583333,0.12,0.150222229,0.162087753,8.666666667,3.333333333,9,0.166666667,112.3333333,298.4560547,18.36593246,3.587341576,94065.79688,336.0198076,1.457970381,-3.277703762
20160624,1033A,114.5330556,38.01777778,0.12,0.150222229,0.179419418,3,7.666666667,11.33333333,0.096,110,298.5950317,18.32629013,3.590605228,94215.32031,335.1384934,1.509585142,-3.257851839
20160624,1034A,114.5214,38.0524,0.12,0.150222229,0.183218872,3.666666667,3,2.333333333,0.015666667,112.6666667,298.5732727,18.28536224,3.590038068,94105.67188,335.2763687,1.501503944,-3.260959864
20160624,1035A,114.3541,37.9097,0.145,0.133666672,0.131796448,11.33333333,38.33333333,25.33333333,0.297666667,81.66666667,298.2854919,18.51383972,3.583931772,94036.48438,337.3155221,1.382165313,-3.30668807
20160624,1036A,118.1662,39.6308,0.289,0.237,0.222092041,4,31,28,0.408,111.3333333,302.150238,16.44181442,4.263879935,96777.48438,326.0197038,2.383115768,-3.535736322
20160624,1037A,118.144,39.643,0.289,0.269444458,0.224487808,6,20.33333333,16,0.604,126.3333333,302.1716614,16.32234192,4.296965068,96729.03906,326.4895737,2.372306108,-3.582746506
20160624,1038A,118.1853,39.6407,0.289,0.237,0.219709702,13.33333333,17,21.33333333,0.965666667,109,302.0865784,16.48698616,4.266264644,96782.8125,326.1932968,2.373719215,-3.544921875
20160624,1039A,118.2185,39.6679,0.289,0.237,0.213450867,9,21.66666667,40.5,0.053,117.3333333,301.956543,16.53635216,4.284950714,96775.0625,326.7748176,2.347857237,-3.584462166
20160624,1040A,118.1838,39.65782,0.289,0.237,0.218278305,17.66666667,20.66666667,27.33333333,0.858666667,84.66666667,302.0525513,16.43266106,4.293099567,96750.6875,326.6847612,2.357964039,-3.587577105
20160624,1041A,118.1997,39.6295,0.289,0.237,0.218621353,9,3.333333333,32.33333333,0.829333333,104.6666667,302.0791626,16.57403374,4.24019963,96819.86719,325.7917697,2.383849621,-3.506644249
20160624,1053A,115.4713,38.9108,0.176,0.168333328,0.17777179,2,4.666666667,15.33333333,0.105333333,100.3333333,300.346405,16.52994919,3.702973954,93877.77344,324.3140339,2.160101414,-3.007653236
20160624,1067A,116.6838,39.5178,0.14,0.165555557,0.171639175,5,1,25.33333333,0.119,99.33333333,300.8468018,14.68429661,4.634976453,94670.57813,329.2228084,2.371721745,-3.982203245
20160624,1068A,116.7729,39.5747,0.14,0.151888886,0.160070892,4.333333333,2,9,0.393333333,110.6666667,300.8075867,14.50344467,4.701640541,94711.00781,330.1781567,2.338148355,-4.079030037
20160624,1070A,116.7464,39.5343,0.14,0.151888886,0.164300507,4,1,28.66666667,0.323666667,100.3333333,300.877533,14.60825539,4.640496151,94752.10156,329.360373,2.364966869,-3.99263525
20160624,1071A,116.8854,38.2991,0.298,0.295444458,0.292678345,6.666666667,12,14.66666667,0.519333333,98,302.4777527,17.23932076,3.751584557,97791.20313,311.6865048,2.801664114,-2.495007992
20160624,1072A,116.8584,38.3254,0.298,0.295444458,0.2952724,6,5.666666667,20.66666667,0.376333333,97.66666667,302.4489441,17.18850517,3.756998338,97686.36719,311.8779216,2.797343969,-2.507967949
20160624,1073A,116.8709,38.3228,0.298,0.295444458,0.294890717,2.666666667,5,12,0.280666667,98.66666667,302.4622803,17.19091988,3.754486728,97713.39844,311.7893704,2.799344063,-2.501967907
20160624,1074A,115.6951,37.7575,0.222,0.231666672,0.228121094,30,5.333333333,6.333333333,0.443666667,136.3333333,300.7641602,18.53072357,3.748468888,97107.4375,321.8547374,2.31526947,-2.947973251
20160624,1075A,115.6426,37.7379,0.273,0.250666672,0.236296631,24.33333333,10.66666667,9,0.323,144.6666667,300.6661682,18.57044029,3.737182211,97071.85156,322.4262036,2.27886939,-2.96197319
20160624,1076A,115.6906,37.739,0.222,0.231666672,0.233314621,13.33333333,11,18.66666667,0.354666667,141.6666667,300.7557678,18.5647831,3.747486752,97145.625,321.9035866,2.312149286,-2.949173212
20160625,1003A,116.434,39.9522,0.146,0.196333328,0.185611908,19.33333333,2,10,0.3,106.3333333,299.8350525,17.96175957,0.897574917,93389.25781,228.6712106,0.674018085,0.592739701
20160625,1005A,116.473,39.9716,0.146,0.196333328,0.188440002,20.33333333,2,7.333333333,0.3,109.6666667,299.8415222,17.97727966,0.881633833,93422.8125,229.2515773,0.667910755,0.575476706
20160625,1006A,116.361,39.9425,0.123,0.178399994,0.181313019,17.33333333,2,15,0.333333333,90.33333333,299.7651672,17.95400047,0.911249399,93265.71094,228.8624398,0.686291337,0.599482834
20160625,1007A,116.315,39.9934,0.123,0.178399994,0.183676636,15,2,15.33333333,0.233333333,98.66666667,299.5923767,17.99472046,0.887367626,93055.82031,231.9570447,0.698845446,0.546842158
20160625,1011A,116.407,40.0031,0.123,0.178399994,0.181879517,18,2,11,0.3,108.6666667,299.6880798,17.99930191,0.870935796,93217.32031,231.5403578,0.681983173,0.541690052
20160625,1012A,116.225,39.9279,0.18,0.166285721,0.194607346,17,2,10.66666667,0.2,104,299.6384277,17.94231987,0.926228445,93028.11719,229.1257305,0.700365245,0.606125116
20160625,1029A,114.4548,38.0513,0.302,0.350777771,0.366371155,4.666666667,7.333333333,12.66666667,0.191,138,297.9744873,15.73870945,1.313016322,94081.33594,181.1143787,0.025536001,1.312767982
20160625,1030A,114.6046,38.0398,0.302,0.431142853,0.455084564,7,1.333333333,7,0.267666667,140,298.3020325,15.92321014,1.338753589,94465.84375,183.1460246,0.073472001,1.336735964
20160625,1031A,114.5019,38.1398,0.451,0.414222229,0.435669708,5.333333333,3.333333333,9,0.134,130.3333333,298.0774841,15.86313057,1.32092825,93986.30469,181.7616655,0.040608,1.320303917
20160625,1032A,114.4586111,38.00583333,0.44,0.343888886,0.349946167,4,9,13,0.264,135.6666667,297.9828186,15.71118355,1.313650236,94196.07813,181.167043,0.026755553,1.313377738
20160625,1033A,114.5330556,38.01777778,0.44,0.429625,0.405630524,7.666666667,8.333333333,10.33333333,0.173,140,298.1455994,15.81520557,1.326253656,94346.83594,182.1855525,0.050577793,1.325288892
20160625,1034A,114.5214,38.0524,0.302,0.431142853,0.411141632,8,3,1.666666667,0.117333333,140,298.1201172,15.82529926,1.324252911,94237.5,182.0273719,0.046848003,1.323423982
20160625,1035A,114.3541,37.9097,0.301,0.260888886,0.267476135,7.333333333,37.33333333,29.66666667,0.399333333,77.66666667,297.7843933,15.51033974,1.298897302,94164.02344,179.7541534,-0.005573333,1.298885345
20160625,1037A,118.144,39.643,0.998,0.985,0.800073486,10,23.66666667,14,0.643666667,142.6666667,302.3482056,19.2232151,0.989816579,96961.27344,210.3742939,0.50049752,0.853954971
20160625,1038A,118.1853,39.6407,0.998,0.985,0.810892883,18.66666667,20,22.66666667,0.949333333,125.3333333,302.230957,19.31788254,0.980898529,97015.92969,210.1194997,0.492219925,0.84845829
20160625,1040A,118.1838,39.65782,0.998,0.985,0.827626221,21,21.66666667,27,0.87,96.66666667,302.2120056,19.32993889,0.968181306,96984.40625,210.0676398,0.485080153,0.837897539
20160625,1047A,114.5129,36.61763,0.247,0.201,0.181064316,2.333333333,14,15.66666667,0.317,140,298.6117249,19.78839302,1.432098184,96543.00781,178.6869949,-0.032815464,1.431722164
20160625,1048A,114.5426,36.6164,0.247,0.201,0.181856735,2.333333333,28,18.33333333,0.439333333,96.66666667,298.6667786,19.82173157,1.434255977,96614.15625,179.0294333,-0.024294537,1.434050202
20160625,1049A,114.5035,36.5776,0.153,0.184333328,0.182808121,2.666666667,11.33333333,11.33333333,0.24,130.3333333,298.6395874,19.97827148,1.441346761,96567.75,178.319232,-0.042275749,1.440726638
20160625,1050A,114.4965,36.61981,0.153,0.184333328,0.180501083,1.333333333,17.66666667,12.33333333,0.372333333,137.6666667,298.5795898,19.76252747,1.430552213,96501.95313,178.5070352,-0.037271898,1.430066586
20160625,1051A,115.493,38.8632,0.781,0.652142883,0.619749146,9.666666667,2.333333333,10.66666667,0.220666667,105.3333333,300.2446899,17.09056091,1.521538177,94194.27344,193.5993149,0.357760012,1.478880048
20160625,1052A,115.5223,38.8957,0.781,0.669625,0.626475769,4.333333333,16.66666667,11,0.083,106.6666667,300.3087463,17.11655998,1.528320227,94167.08594,193.8996382,0.367136002,1.483567953
20160625,1053A,115.4713,38.9108,0.781,0.652142883,0.620901733,7,4.333333333,16.66666667,0.132,109.3333333,300.1972351,17.12863922,1.51654229,94037.55469,193.3751653,0.350816011,1.475407958
20160625,1054A,115.4612,38.8416,0.781,0.652142883,0.612088745,13.66666667,7,6.666666667,0.045,100.3333333,300.1751404,17.07328033,1.514225008,94190.36719,193.2703335,0.347584009,1.473791957
20160625,1055A,115.442,38.8756,0.781,0.652142883,0.613874695,3.333333333,3.666666667,3.666666667,0.049666667,94,300.1331787,17.10047913,1.509833902,94071.64844,193.0701644,0.341440022,1.470719934
20160625,1056A,115.5214,38.8707,0.781,0.669625,0.623446594,3,2.666666667,20,0.703333333,108.3333333,300.3067932,17.09655952,1.528111279,94227,193.8904538,0.366848022,1.483423948
20160625,1062A,117.9664,40.9161,0.607,0.588333313,0.523309998,13.66666667,5,14.66666667,0.253,111.3333333,300.2807312,18.95800972,0.043135973,93438.5,335.2053416,0.018089825,-0.039159551
20160625,1064A,117.963,40.9359,0.607,0.588333313,0.530113464,18.33333333,13.33333333,11.66666667,0.244333333,118,300.2409973,18.94483376,0.063759971,93375.28906,352.1357382,0.008724069,-0.063160308
20160625,1065A,117.8184,40.9733,0.65,0.603799988,0.586380249,9.666666667,9,6.333333333,0.290666667,107.6666667,299.9604492,18.523592,0.154464852,93007.03125,339.2590708,0.054702651,-0.144454181
20160625,1067A,116.6838,39.5178,0.865,0.780571411,0.765357666,6.333333333,1.666666667,26.66666667,0.231666667,125.3333333,301.0591736,17.61424065,1.189961488,94866.77344,212.3532341,0.636792958,1.005237818
20160625,1070A,116.7464,39.5343,0.865,0.797200012,0.783196533,6,2.333333333,30.66666667,0.456666667,121.6666667,301.0913086,17.6274395,1.172605914,94950.05469,212.6605144,0.632808805,0.987196863
20160625,1077A,114.4821,37.0967,0.226,0.156444443,0.169821289,6.333333333,5.666666667,10.33333333,0.204333333,77.33333333,298.0341797,17.38119888,1.317581735,95907.35156,181.4905052,0.034272,1.31713593
20160625,1078A,114.5261,37.0533,0.226,0.222555557,0.182633438,9,16,14,0.215,114.6666667,298.1554565,17.6432209,1.330303179,96067.60156,181.9176701,0.044516478,1.329558134
20160625,1079A,114.5331,37.0964,0.226,0.222555557,0.187501205,9.333333333,13.33333333,18.66666667,0.208,108,298.1456909,17.43730164,1.326261226,96034.96875,182.1861543,0.050592002,1.325295925
20160625,1080A,114.4854,37.062,0.226,0.156444443,0.169613159,1,24.33333333,14.66666667,0.282333333,104,298.0573425,17.55700684,1.321513672,95956.35938,181.4305466,0.032991793,1.321101785
20160626,1008A,116.72,40.1438,1.096,1.049,1.053415527,69.33333333,7.666666667,37.66666667,0.7,254.6666667,302.8182373,15.07912159,6.219704561,93315.02344,198.5138926,1.974971294,5.897814274
20160627,1047A,114.5129,36.61763,0.682,0.699111084,0.703865723,28.66666667,21,25.66666667,0.621666667,121,301.5185242,35.21993637,5.544244118,95966.46875,169.7139821,-0.989991903,5.455140591
20160627,1048A,114.5426,36.6164,0.682,0.699111084,0.701036621,36.66666667,36.66666667,26.33333333,0.725,118.3333333,301.5350647,35.30240631,5.563777791,96038.875,169.5867281,-1.005635977,5.472140312
20160627,1049A,114.5035,36.5776,0.682,0.692222229,0.705350952,40,23,16,0.505333333,151.6666667,301.5330811,35.51410675,5.537483148,95993.23438,169.5524073,-1.004145503,5.445678234
20160627,1050A,114.4965,36.61981,0.682,0.699111084,0.705315002,26,31.33333333,24,0.791,132,301.508667,35.16254807,5.533477217,95924.625,169.7921384,-0.980641603,5.445889473
20160627,1071A,116.8854,38.2991,1.253,1.225714233,1.307967163,25,18.66666667,3.666666667,0.735,153,302.5,29.15715981,7.014847826,97534.78125,168.2468281,-1.42889607,6.867775917
20160627,1072A,116.8584,38.3254,1.401,1.438857178,1.328629639,35.33333333,17.66666667,20.66666667,0.524666667,156.6666667,302.5,29.16946411,7.014385173,97426.76563,168.1499113,-1.440415978,6.864896297
20160627,1073A,116.8709,38.3228,1.401,1.438857178,1.329195435,22.33333333,13.33333333,19.66666667,0.428666667,151,302.5,29.16563988,7.014596945,97455.32813,168.194782,-1.435082674,6.866229534
20160627,1074A,115.6951,37.7575,0.941,0.925555542,0.943980469,50,16.66666667,21,0.524666667,174.6666667,302.1152649,29.1487236,6.538211557,96706.69531,167.5993867,-1.40405333,6.385674953
20160627,1075A,115.6426,37.7379,0.937,0.939222229,0.935287903,40.33333333,18.33333333,9,0.526666667,182.3333333,302.0788879,29.14139938,6.493940501,96665.00781,167.7663937,-1.376053333,6.346474648
20160627,1076A,115.6906,37.739,0.941,0.925555542,0.938330383,28.66666667,23.33333333,13.33333333,0.474666667,185.6666667,302.1121521,29.13838387,6.534414509,96744.45313,167.6136117,-1.401653409,6.382314682
20160627,1077A,114.4821,37.0967,0.77,0.746,0.763607422,59.33333333,70,63,2.123666667,194.6666667,301.2742615,31.35856628,5.532023208,95300.83594,172.1337349,-0.757120013,5.479968071
20160627,1078A,114.5261,37.0533,0.77,0.755,0.752153503,53,58.33333333,36.33333333,1.342666667,172.6666667,301.3157349,31.79081726,5.566864973,95465.44531,171.827919,-0.791311026,5.510336876
20160627,1079A,114.5331,37.0964,0.77,0.755,0.768015625,70,66.66666667,39.66666667,1.733666667,174,301.3096313,31.46229744,5.573510092,95430.50781,171.9103256,-0.784319997,5.518048286
20160627,1080A,114.4854,37.062,0.77,0.746,0.750464844,46,45.66666667,46.33333333,1.758333333,157.6666667,301.2835083,31.63946152,5.534311363,95352.05469,172.0490458,-0.765535653,5.481109142
20160629,1029A,114.4548,38.0513,1.43,1.3895,1.44158728,23.33333333,14.66666667,15,1.110333333,47.33333333,302.023407,29.67582893,1.003374368,93486.96094,209.6088919,0.49574399,0.872352004
20160629,1030A,114.6046,38.0398,1.43,1.3895,1.439762329,27.33333333,8,14.66666667,1.58,56.33333333,302.2550964,30.47793007,1.119961084,93873.72656,205.8177748,0.487754673,1.008170724
20160629,1031A,114.5019,38.1398,1.349,1.3895,1.454670166,177.3333333,11.66666667,31.33333333,1.213333333,167,302.0962524,29.84704971,1.03952166,93391.67188,208.3254846,0.493232012,0.91505599
20160629,1032A,114.4586111,38.00583333,1.43,1.3895,1.425997681,31.66666667,25.66666667,15.33333333,1.342333333,35,302.0292969,29.73629379,1.006279898,93602.22656,209.5016234,0.495540738,0.875807405
20160629,1033A,114.5330556,38.01777778,1.43,1.3895,1.430595947,86.66666667,12,19,1.295666667,125.6666667,302.1444397,30.11898232,1.063702699,93753.92969,207.524727,0.491570383,0.943303764
20160629,1034A,114.5214,38.0524,1.43,1.3895,1.443791992,27,3.333333333,24.33333333,0.913333333,61.33333333,302.1264343,30.02705956,1.054632393,93644.0625,207.8199959,0.492192,0.932736039
20160630,1012A,116.225,39.9279,0.114,0.109,0.161208359,88.66666667,2,36,0.8,200.6666667,298.6583252,38.9217186,2.30276148,92568.88281,29.31892724,-1.127594471,-2.007795095
20160630,1030A,114.6046,38.0398,1.441,1.455800049,1.489019043,131,13,37,1.196666667,144.6666667,302.2469482,38.0736084,1.41098273,93859.50781,118.6038558,-1.238773346,0.675509334
20160630,1031A,114.5019,38.1398,1.211,1.486714233,1.588031372,174.3333333,6.333333333,35.33333333,0.990666667,140.6666667,302.1812134,37.45029068,1.440275673,93381.82813,118.4648714,-1.266160011,0.686464012
20160630,1032A,114.4586111,38.00583333,1.937,1.783400024,1.626297852,135,37,80.33333333,1.705,135,302.1535034,37.83584976,1.452625275,93586.47656,118.407968,-1.277703643,0.691081464
20160630,1033A,114.5330556,38.01777778,1.547,1.560199951,1.566835449,165,8.666666667,40.33333333,1.271,108.6666667,302.2011719,37.97665024,1.431388326,93738.71094,118.5064339,-1.257851839,0.683140755
20160630,1034A,114.5214,38.0524,1.547,1.560199951,1.59222522,149.6666667,8.666666667,45.66666667,1.362666667,147.3333333,302.1936951,37.82041931,1.434713045,93630.375,118.4908241,-1.260959983,0.684383988
20160630,1035A,114.3541,37.9097,1.89,1.741142822,1.663754028,164,52,72,1.682333333,31,302.0977783,37.93257904,1.470307389,93549.75,118.0359812,-1.297770619,0.691082656
20160630,1051A,115.493,38.8632,1.202,1.218625,1.223686401,92.33333333,3,57.66666667,1.011333333,129.6666667,302.8155212,37.59788895,1.158017078,93652.03906,120.09935,-1.001866698,0.580746651
20160630,1052A,115.5223,38.8957,1.202,1.218625,1.24815564,103.6666667,19,27.33333333,0.723666667,146.6666667,302.834259,37.60838318,1.14969056,93627.75,120.1598777,-0.994053304,0.577621341
