20150902,1007A,116.315,39.9934,0.163,0.135600006,0.115900826,6.666666667,2,2,0.3,85,292.8505859,66.7930603,0.79940903,93479.49219,77.93631016,-0.781754792,-0.167075559
20150902,1011A,116.407,40.0031,0.163,0.1515,0.119983894,5.333333333,2,6.666666667,0.3,87.66666667,292.9140015,67.03916168,0.819394586,93646.21875,75.67111748,-0.793904126,-0.202789858
20150902,1029A,114.4548,38.0513,0.266,0.165,0.104294663,5.333333333,1.333333333,2,0.044333333,18.33333333,291.5979004,76.68589783,0.801918029,94476.28125,166.1850113,-0.191487998,0.778720021
20150902,1030A,114.6046,38.0398,0.106,0.127333336,0.106428627,6.666666667,1.666666667,3.333333333,0.073333333,11.66666667,291.7816467,78.11351013,0.759334961,94868.11719,166.6360619,-0.175509334,0.738773346
20150902,1031A,114.5019,38.1398,0.108,0.134,0.099151039,1,3.666666667,4.333333333,0.144,57.66666667,291.6556702,76.27914429,0.788523928,94380.38281,166.3215793,-0.186463997,0.766160011
20150902,1032A,114.4586111,38.00583333,0.266,0.165,0.107371567,5.666666667,3.333333333,1.333333333,0.273,17.66666667,291.6025696,77.1386795,0.800834053,94592.75781,166.1958915,-0.191081479,0.777703702
20150902,1033A,114.5330556,38.01777778,0.266,0.165,0.108691513,1.5,3,5.666666667,0.049,22,291.6938782,77.68770599,0.779666557,94746.55469,166.4144934,-0.18314074,0.757851839
20150902,1034A,114.5214,38.0524,0.266,0.165,0.106243431,1,5,6.666666667,0.106,56,291.6795959,77.262146,0.782979921,94635.48438,166.3794868,-0.184384003,0.760959983
20150902,1051A,115.493,38.8632,0.272,0.129166672,0.086465096,6.666666667,11.66666667,6.333333333,0.238,100.3333333,292.8713989,74.69444275,0.508320968,94599.35938,170.8598611,-0.080746666,0.501866698
20150902,1052A,115.5223,38.8957,0.086,0.108625,0.08560672,13,7,7.333333333,0.381666667,108.6666667,292.9073486,74.46186066,0.500113755,94572.25,171.0711775,-0.077621333,0.494053334
20150902,1053A,115.4713,38.9108,0.086,0.108625,0.083507584,5.666666667,7,8.333333333,0.108666667,56.33333333,292.8447876,74.17800903,0.51440365,94440.83594,170.7077039,-0.083061337,0.507653356
20150902,1054A,115.4612,38.8416,0.272,0.129166672,0.08633728,10.66666667,15,6.333333333,0.343666667,111.6666667,292.8323975,74.81691742,0.517235942,94595.07813,170.6381046,-0.084138669,0.510346651
20150902,1055A,115.442,38.8756,0.272,0.129166672,0.084138908,5.333333333,8,16,0.228,42.66666667,292.8088379,74.43761444,0.522622283,94474.95313,170.5078792,-0.08618667,0.51546669
20150902,1056A,115.5214,38.8707,0.272,0.129166672,0.086965935,22.66666667,5.666666667,22.66666667,0.040333333,100,292.90625,74.69898987,0.500365748,94632.72656,171.0645832,-0.077717334,0.494293332
20150903,1002A,116.17,40.2865,0.26,0.26,0.266929138,16,2,4,0.4,107,293.6553345,51.53596878,3.252378992,92614.44531,173.22422,-0.383729368,3.229662657
20150903,1008A,116.72,40.1438,0.234,0.229666672,0.239319702,10,2,4,0.4,86,294.0556335,54.01994705,2.855766423,94095.57031,171.4401106,-0.425061166,2.823955536
20150903,1014A,117.193,39.173,0.322,0.304,0.267492218,11,5,5,0.766,61,295.0811157,64.15689087,2.012320235,97281.98438,176.2167757,-0.132776409,2.007935047
20150903,1015A,117.145,39.1654,0.322,0.304,0.271150574,16,4,6,0.567,60,295.0630493,64.15794373,2.047752879,97205.02344,176.3395394,-0.130735993,2.043575287
20150903,1019A,117.1837,39.2133,0.322,0.304,0.266758392,15,4,3,0.778,78,295.0452881,63.76429367,2.04134226,97176.49219,175.8440402,-0.147939324,2.035974503
20150903,1026A,117.764,39.1587,0.27,0.252,0.253216431,25,8,2,1.236,82,295.3763733,64.98265839,1.534770155,98172.21094,175.6201972,-0.117206641,1.530288219
20150903,1029A,114.4548,38.0513,0.165,0.140222229,0.108017601,6,1,3,0.048,24,292.9808655,68.4629364,3.499441172,94592.74219,172.0669906,-0.48297599,3.46595192
20150903,1030A,114.6046,38.0398,0.165,0.144333328,0.10673835,7,1,4,0.08,16,293.1326599,69.83982849,3.431803634,94991.03906,172.4481578,-0.451018661,3.402037382
20150903,1031A,114.5019,38.1398,0.13,0.120777779,0.112035873,1,15,21,0.424,15,293.028595,67.96654511,3.478158292,94496.59375,172.1852392,-0.472927988,3.445856094
20150903,1032A,114.4586111,38.00583333,0.179,0.125444443,0.104357765,7,5,2,0.122,21,292.9847107,68.95056915,3.497718555,94710.52344,172.0765053,-0.482162952,3.464325905
20150903,1033A,114.5330556,38.01777778,0.179,0.134222229,0.10546492,5,4,6,0.1,17,293.0601501,69.46026611,3.46408828,94867.07031,172.2642558,-0.466281474,3.432563066
20150903,1034A,114.5214,38.0524,0.165,0.144333328,0.108831253,3,6,6,0.044,20,293.0483398,69.01166534,3.46935112,94754.67188,172.2346196,-0.468768001,3.437536001
20150903,1035A,114.3541,37.9097,0.083,0.085444443,0.098346207,11,25,20,0.566,10,292.8955383,69.01402283,3.54073932,94675.125,171.7908205,-0.505573332,3.504458666
20150903,1036A,118.1662,39.6308,0.203,0.222666672,0.216884125,3,21,7,0.779,76,295.2645874,61.5626297,1.538828705,97754.375,166.4040833,-0.361736834,1.495707273
20150903,1037A,118.144,39.643,0.291,0.236714279,0.21878122,2,19,6,0.783,71,295.2364807,61.42536163,1.568595521,97705.19531,166.406641,-0.368666142,1.524656415
20150903,1038A,118.1853,39.6407,0.291,0.236714279,0.216541519,12,14,3,0.554,74,295.2735596,61.51691818,1.528300842,97761.35938,166.1197019,-0.366630554,1.483672976
20150903,1040A,118.1838,39.65782,0.291,0.236714279,0.217924622,1,29,9,0.364,69,295.2590942,61.37736511,1.542310879,97730,165.8987766,-0.375762016,1.495836139
20150903,1041A,118.1997,39.6295,0.203,0.222666672,0.214861542,5,22,5,0.823,76,295.2947693,61.6316185,1.506654897,97798.71875,166.1604096,-0.360398531,1.46291554
20150903,1062A,117.9664,40.9161,0.093,0.097666664,0.089132637,5,6,14,0.479,108,294.1417847,49.77871704,2.55767327,94153.5625,156.5808852,-1.016557574,2.346977472
20150903,1063A,117.9525,40.9843,0.086,0.088666664,0.086418282,5,2,6,0.308,112,294.0159302,49.09815979,2.549515752,93928.91406,155.4915381,-1.057609558,2.31980443
20150903,1064A,117.963,40.9359,0.086,0.088666664,0.088380241,8,5,8,0.34,112,294.1054382,49.58417892,2.554976079,94089.59375,156.2594419,-1.028622746,2.338768482
20150903,1065A,117.8184,40.9733,0.119,0.096222221,0.090049294,11,4,6,0.43,98,293.9648743,48.6261673,2.606511866,93711.45313,157.0504417,-1.016332626,2.400202513
20150903,1066A,117.9384,41.0112,0.086,0.088666664,0.084454536,17,3,5,0.334,107,293.9624634,48.79131699,2.549864871,93823.92188,155.1470609,-1.071684361,2.313720703
20150903,1067A,116.6838,39.5178,0.294,0.275399994,0.293646637,13,7,7,0.55,118,294.5455627,60.0557251,2.587506245,95507.44531,174.6839724,-0.239730179,2.576376915
20150903,1069A,116.715,39.5571,0.263,0.296666657,0.293836517,3,3,14,0.444,123,294.5300903,59.72719193,2.581923686,95481.45313,174.3858354,-0.252586842,2.569538832
20150903,1070A,116.7464,39.5343,0.263,0.296666657,0.286241058,7,4,24,0.466,130,294.5652771,60.00185013,2.547367817,95596.53125,174.427462,-0.247364372,2.535329103
20150903,1074A,115.6951,37.7575,0.198,0.193,0.182875168,25,13,17,0.883,82,294.2377014,76.61159515,2.944865503,97861.5,175.7472856,-0.218378663,2.936757326
20150903,1075A,115.6426,37.7379,0.198,0.193,0.174507263,19,16,7,0.813,78,294.1844788,76.78556061,2.968049744,97822.96875,175.5637396,-0.229578674,2.959157467
20150903,1076A,115.6906,37.739,0.198,0.193,0.182132446,27,10,2,0.378,87,294.2331238,76.80067444,2.946851505,97899.75781,175.7314398,-0.21933867,2.938677311
20150906,1011A,116.407,40.0031,0.292,0.313,0.313,16.66666667,2,19,0.566666667,113,289.1794739,70.84666443,0.459494477,93625.46094,302.8419543,0.386053354,-0.249194667
20150906,1014A,117.193,39.173,0.261,0.209,0.181931885,8.333333333,7,5.666666667,0.452333333,45.66666667,290.8164368,63.61088943,0.470430488,97051.1875,344.6347896,0.124650307,-0.453615636
20150906,1015A,117.145,39.1654,0.261,0.209,0.193053635,14.66666667,5,8.333333333,0.532666667,45.66666667,290.796814,64.26321411,0.468189372,96974.95313,342.5979066,0.140024066,-0.446760058
20150906,1016A,117.184,39.1205,0.261,0.209,0.188453461,11,6.666666667,14,0.479,58,290.8673096,63.94506073,0.481910131,97146.5,343.9842401,0.132959872,-0.463205189
20150906,1017A,117.237,39.1082,0.261,0.209,0.181604599,12.66666667,8.333333333,10,0.79,55.33333333,290.909668,63.31308365,0.49029498,97274.47656,345.9883665,0.118709706,-0.475707024
20150906,1018A,117.202,39.0927,0.261,0.209,0.189926956,19.33333333,4.666666667,10.66666667,0.658666667,40.66666667,290.9067993,63.82862091,0.490259677,97240.60938,344.5415685,0.130673438,-0.472524077
20150906,1019A,117.1837,39.2133,0.157,0.196666672,0.180934677,16.33333333,5,5,0.923,66,290.7679749,63.56409454,0.460212487,96946.75,344.4711096,0.123210058,-0.443412691
20150906,1023A,117.707,39.0343,0.106,0.145,0.141310394,22.33333333,7.666666667,13,0.673666667,53.33333333,291.2302551,58.89229584,0.585705174,98120.36719,0.469010307,-0.004794428,-0.585685551
20150906,1036A,118.1662,39.6308,0.077,0.094125,0.0879058,1.666666667,23,37.66666667,1.187666667,96.33333333,291.1542053,53.32144547,0.576503967,97519.69531,33.98431588,-0.322246104,-0.478031665
20150906,1037A,118.144,39.643,0.077,0.094125,0.089101814,3.333333333,23.66666667,25,1.182666667,96,291.0979004,53.41241455,0.54786124,97471.0625,33.61976684,-0.303339213,-0.456220627
20150906,1038A,118.1853,39.6407,0.149,0.088777779,0.084773796,5,22,32.33333333,0.892666667,95,291.1882324,53.15560532,0.597508668,97526.71875,35.11282802,-0.343680084,-0.488774598
20150906,1039A,118.2185,39.6679,0.149,0.088777779,0.078917389,16,30,28.33333333,1.015,95.66666667,291.237915,52.82466125,0.632025905,97522.70313,37.29714891,-0.38297537,-0.502778888
20150906,1040A,118.1838,39.65782,0.149,0.088777779,0.083319832,5.666666667,29.66666667,22,1.110333333,97.33333333,291.1723633,53.09183502,0.59253058,97495.8125,35.7772989,-0.346414894,-0.480717391
20150906,1041A,118.1997,39.6295,0.149,0.088777779,0.084159119,14.33333333,26,30,2.843,90.33333333,291.2277527,53.11064148,0.616970069,97563.64063,35.1558841,-0.35525322,-0.504427612
20150906,1046A,119.5369,39.9419,0.119,0.0965,0.069551384,3.333333333,5,14,0.202666667,16,293.1867371,43.20054626,2.012046586,98939.58594,53.55945382,-1.618638515,-1.195132136
20150906,1062A,117.9664,40.9161,0.221,0.185199997,0.132643524,5,6,12,0.292333333,102.3333333,289.9750366,48.82284927,0.520220756,93938.08594,89.01565739,-0.520143986,-0.008936949
20150906,1063A,117.9525,40.9843,0.238,0.2295,0.157409821,5.666666667,2,7.333333333,0.211666667,106,289.8722839,48.59315109,0.521811129,93714.25781,89.49205952,-0.521790624,-0.004625903
20150906,1064A,117.963,40.9359,0.221,0.185199997,0.138694733,10.66666667,5,9,0.208,104.6666667,289.9458313,48.75247574,0.521072736,93874.34375,89.16567798,-0.521017492,-0.007587405
20150906,1066A,117.9384,41.0112,0.238,0.2295,0.168158188,16.33333333,3,5.333333333,0.22,105.6666667,289.8219604,48.55326843,0.517220003,93609.71094,89.54741027,-0.517203867,-0.004085558
20150907,1001A,116.366,39.8673,0.241,0.188777771,0.173635178,21,2,27,0.65,120,291.5585022,54.63211823,2.24627078,93921.71094,213.7126483,1.246743321,1.868519068
20150907,1002A,116.17,40.2865,0.119,0.152833328,0.149252762,18.5,6.5,22,0.65,111,291.0679321,55.61846542,2.436548317,92476.32031,216.2870605,1.442025185,1.964008927
20150907,1003A,116.434,39.9522,0.194,0.227285721,0.203586548,27.5,2,31.5,0.65,109.5,291.5921936,53.53768158,2.3108654,93863.55469,214.3048527,1.302394509,1.908891678
20150907,1004A,116.434,39.8745,0.315,0.233285721,0.193263443,24,4,29.5,0.85,128,291.6390991,53.81740189,2.265274461,94045.86719,213.6856828,1.256403923,1.884918451
20150907,1005A,116.473,39.9716,0.194,0.227285721,0.218432587,22,2,33.5,0.65,119.5,291.6300354,53.01544189,2.331576344,93899.72656,214.3948144,1.317089558,1.92393434
20150907,1006A,116.361,39.9425,0.241,0.188777771,0.181060059,29,2,33,0.65,119.5,291.5057678,54.41939926,2.28819866,93733.82813,214.3376429,1.290701151,1.88942945
20150907,1007A,116.315,39.9934,0.138,0.194428574,0.178005158,20.5,2,17,0.6,108,291.4157104,54.76976013,2.306321718,93517.14063,214.8198761,1.316905975,1.893377543
20150907,1008A,116.72,40.1438,0.29,0.247,0.24350383,21.5,2,20.5,0.45,103.5,291.8495789,49.66698837,2.502079087,93952.1875,215.1574143,1.440759182,2.045632601
20150907,1009A,116.644,40.3937,0.104,0.145800003,0.185517288,19,2.5,4,0.4,115,291.6101379,49.87687683,2.641362223,93112.1875,216.835164,1.583536029,2.11405015
20150907,1010A,116.23,40.1952,0.203,0.140285721,0.145314636,21.5,4,29,0.7,96.5,291.1845398,55.18418884,2.398711007,92826.33594,216.2859252,1.419593573,1.933537841
20150907,1011A,116.407,40.0031,0.194,0.227285721,0.198754028,20.5,2,29.5,0.65,119.5,291.5270386,53.67027664,2.334279723,93686.54688,214.7423073,1.330274343,1.918132424
20150907,1016A,117.184,39.1205,0.371,0.371,0.250378616,26,9,14.5,0.935,80.5,292.919342,47.83179855,1.885546358,97262.33594,206.9217856,0.85372591,1.6812011
20150907,1017A,117.237,39.1082,0.371,0.371,0.268505951,23.5,8,8.5,0.8425,84,292.9830933,47.26128006,1.879954076,97391.5625,206.855249,0.84924674,1.677202225
20150907,1018A,117.202,39.0927,0.371,0.371,0.235659149,31.5,4.5,9,0.7235,61.5,292.9516602,47.72307968,1.866953722,97358.16406,206.6605976,0.837710559,1.668459535
20150907,1027A,117.157,38.9194,0.145,0.1505,0.16462085,31.5,7,10.5,0.245,79.5,292.9674683,48.86896133,1.766369927,97653.9375,205.067059,0.74837333,1.600000024
20150907,1035A,114.3541,37.9097,0.137,0.083666664,0.08933947,21.5,30.5,14.5,0.8545,33.5,290.3877258,77.73677826,1.519671716,94588.42969,171.8860214,-0.214490667,1.504458666
20150907,1036A,118.1662,39.6308,0.336,0.302875,0.348046875,24.5,14.5,30,0.6455,132.5,293.8933105,40.2366333,2.413061507,97634.74219,210.5315463,1.225865841,2.078489542
20150907,1037A,118.144,39.643,0.336,0.302875,0.347289307,12.5,13,19.5,0.4785,139.5,293.8497009,40.26118469,2.423469397,97584.60938,210.7355474,1.238577724,2.083057642
20150907,1039A,118.2185,39.6679,0.26,0.325625,0.34102066,27,18.5,26.5,0.404,143,293.9756165,39.93453979,2.448773447,97637.54688,210.351448,1.237371802,2.113149881
20150907,1040A,118.1838,39.65782,0.26,0.293833344,0.343575989,18,17,11.5,2.2045,138.5,293.9168091,40.08112335,2.438424173,97609.96875,210.5374927,1.238968372,2.10020709
20150907,1041A,118.1997,39.6295,0.336,0.313333344,0.346386231,26.5,15,31,0.741,138.5,293.9543457,40.1362381,2.413145345,97679.99219,210.3025361,1.21759069,2.083445072
20150907,1047A,114.5129,36.61763,0.255,0.088555557,0.075628571,18.5,9.5,34,0.5495,137,290.8700256,81.03981018,1.300002226,96972.03125,164.9941731,-0.336593032,1.255671501
20150907,1048A,114.5426,36.6164,0.255,0.088555557,0.074465309,15,16,2.5,0.2835,78,290.8931885,81.02586365,1.296283261,97045.47656,165.5058894,-0.3244344,1.255026937
20150907,1049A,114.5035,36.5776,0.255,0.088555557,0.075626099,27.5,13,21.5,0.2275,151,290.8938293,81.13790131,1.284695989,96994.39063,163.8064685,-0.358279467,1.233725905
20150907,1050A,114.4965,36.61981,0.088,0.094,0.076283836,19.5,19.5,34,0.554,77.5,290.8560486,81.04401398,1.302715601,96929.76563,164.7502503,-0.34264937,1.256844997
20150907,1052A,115.5223,38.8957,0.093,0.09325,0.110484131,27,15,13,0.6385,130,291.3790283,67.91680145,1.600095402,94622.85156,192.6606944,0.350703984,1.561189294
20150907,1056A,115.5214,38.8707,0.093,0.09325,0.109914475,39.5,14.5,14,0.3415,144.5,291.3782654,68.01724243,1.599954017,94684.22656,192.645977,0.350272,1.561141372
20150907,1061A,114.904,40.8725,0.074,0.063,0.063,4.5,10,43,0.909,136,289.449585,67.42680359,2.572162117,88958.70313,205.4907348,1.10696888,2.321774721
20150907,1063A,117.9525,40.9843,0.192,0.182166672,0.173756912,8,30,26,1.007,97.5,293.0975647,37.18967819,3.323486495,93730.42188,214.8929491,1.901183605,2.725997686
20150907,1066A,117.9384,41.0112,0.192,0.182166672,0.16924379,23,48,15,0.619,101,293.0524597,37.17023849,3.297284269,93623.6875,214.9142104,1.88719821,2.703805923
20150907,1071A,116.8854,38.2991,0.081,0.078,0.064773712,3,17.5,34.5,0.647,146,292.6777649,54.25260162,1.76028169,98541.64844,204.6399762,0.73388797,1.600000024
20150907,1072A,116.8584,38.3254,0.081,0.078,0.06450161,4.5,16.5,22,0.7015,138,292.6489563,54.47111893,1.759681824,98434.28906,204.597359,0.732447982,1.600000024
20150907,1073A,116.8709,38.3228,0.081,0.078,0.064509186,6,11,37,0.444,135.5,292.6622925,54.33547974,1.759959426,98462.36719,204.6170933,0.73311466,1.600000024
20150907,1074A,115.6951,37.7575,0.053,0.055333332,0.056160812,23,12.5,18,1.4345,157,291.5264893,70.00984192,1.629178807,97782.25,195.4368316,0.43364799,1.570405364
20150907,1077A,114.4821,37.0967,0.105,0.100777779,0.087683983,33.5,20,42,0.84,94.5,290.491394,79.9402771,1.513026209,96353.35938,174.3639836,-0.14859201,1.505712032
20150907,1078A,114.5261,37.0533,0.167,0.089666664,0.081433357,23,40.5,72,0.5345,28,290.5463562,80.02888489,1.501848284,96515.60938,174.7443242,-0.137569696,1.495534301
20150907,1079A,114.5331,37.0964,0.167,0.089666664,0.08057019,5.5,22,32.5,0.331,72.5,290.5349121,79.92780304,1.513529313,96485.35938,175.2963661,-0.124112003,1.508432031
20150907,1080A,114.4854,37.062,0.105,0.100777779,0.087020699,15,22,55,0.5585,93.5,290.5050964,80.02025604,1.506028517,96401.23438,174.1623169,-0.153179064,1.498218298
20150908,1044A,119.6023,39.9567,0.631,0.466200012,0.466401611,33,15,43.33333333,3.307333333,89.33333333,296.5923157,39.59665298,4.063366817,99322.66406,179.569224,-0.030549971,4.063251972
20150908,1045A,119.607,39.9358,0.631,0.466200012,0.474404999,27.66666667,61,61,2.575666667,65.33333333,296.6135559,39.65948868,4.054931632,99349.9375,179.257532,-0.052544404,4.054591179
20150908,1046A,119.5369,39.9419,0.631,0.525666687,0.50251474,32.33333333,37.33333333,10,2.234333333,34.66666667,296.5284424,39.88664627,4.008923061,99238.95313,180.3578931,0.025041224,4.008844852
20150908,1062A,117.9664,40.9161,0.215,0.212777771,0.238374405,28.66666667,22.66666667,26,0.686666667,160,293.7992554,41.06040573,3.498621376,94033.65625,215.72389,2.0427742,2.840321302
20150908,1063A,117.9525,40.9843,0.249,0.286888886,0.250029816,29,21.66666667,18,0.703666667,175.3333333,293.6956482,40.78888702,3.346383224,93803.14844,216.8248544,2.005724669,2.678684235
20150908,1064A,117.963,40.9359,0.249,0.286888886,0.242275833,34,21.66666667,21,0.566666667,165.3333333,293.7701721,40.97954178,3.455217166,93968.00781,216.0215411,2.031976461,2.794565678
20150908,1065A,117.8184,40.9733,0.391,0.309444458,0.25085994,26,84,37.33333333,2.323666667,160.3333333,293.4725952,41.28108597,3.177444505,93581.39063,219.2434093,2.010102987,2.460820913
20150908,1066A,117.9384,41.0112,0.249,0.286888886,0.2499926,34.33333333,46,17,0.81,172.3333333,293.6402588,40.70985794,3.274396064,93695.53906,217.4543083,1.991253734,2.599341869
20150912,1001A,116.366,39.8673,0.068,0.076222221,0.078845055,3.5,2,10,0.3,70.66666667,285.5437622,36.77950287,3.701629873,94237.77344,283.8484929,3.594031096,-0.886004627
20150912,1003A,116.434,39.9522,0.09,0.081777779,0.083862122,5.333333333,2.333333333,9.666666667,0.233333333,68.66666667,285.6468201,35.2964592,3.736052376,94168.90625,285.2815788,3.603953838,-0.984684765
20150912,1004A,116.434,39.8745,0.09,0.081777779,0.081651131,8.666666667,2,20,0.333333333,68.33333333,285.6558228,36.09175873,3.676322472,94358.00781,283.7924725,3.570317984,-0.876456738
20150912,1005A,116.473,39.9716,0.059,0.078888886,0.0838311,3,2.333333333,12,0.233333333,74.66666667,285.7079468,34.74050522,3.732229582,94201.5,285.5325479,3.595922947,-0.999437749
20150912,1006A,116.361,39.9425,0.068,0.076222221,0.081584496,7,2,5.333333333,0.3,68,285.528595,36.06196976,3.763490693,94043.53906,285.3080739,3.629962921,-0.993595183
20150912,1007A,116.315,39.9934,0.064,0.073444443,0.080939476,5.333333333,2,5.333333333,0.266666667,66.33333333,285.4495239,35.96854782,3.828138175,93824.59375,286.3895612,3.672583342,-1.080172896
20150912,1008A,116.72,40.1438,0.054,0.069333336,0.078799644,5,2,8,0.233333333,59,286.0725098,31.69789314,3.73493159,94227.90625,287.9165424,3.553808451,-1.148981929
20150912,1009A,116.644,40.3937,0.081,0.07114286,0.06210059,7.666666667,2,4.333333333,0.2,55,285.9065247,31.56143951,3.981716224,93371.28125,292.3000749,3.683920622,-1.510891438
20150912,1010A,116.23,40.1952,0.113,0.0925,0.076477852,7.666666667,4.333333333,23.33333333,0.6,58,285.311615,36.01969528,4.047476097,93121.69531,290.2114494,3.798248768,-1.398345113
20150912,1011A,116.407,40.0031,0.059,0.078888886,0.083267815,6.333333333,3.333333333,15.66666667,0.366666667,76.33333333,285.5973206,35.04513931,3.790080883,93988.76563,286.3085924,3.637580156,-1.064294934
20150912,1012A,116.225,39.9279,0.068,0.067888886,0.07610424,5.666666667,2,16,0.133333333,73.33333333,285.321106,37.44869232,3.807659581,93802.14063,285.4739717,3.669638634,-1.015885711
20150912,1014A,117.193,39.173,0.123,0.094444443,0.081712189,3,4,3.333333333,0.184666667,53.33333333,287.1775818,37.09262085,3.107543516,97499.25,266.6005837,3.102075577,0.184265614
20150912,1015A,117.145,39.1654,0.082,0.087666664,0.080692436,6,2.333333333,7.333333333,0.293,57.33333333,287.0892029,37.56811905,3.116263161,97426,266.5379897,3.110576153,0.188180983
20150912,1016A,117.184,39.1205,0.127,0.10314286,0.083061302,6.333333333,3,13,0.253,61.33333333,287.1800232,37.75365829,3.101177799,97602.27344,265.4442964,3.091379881,0.246321276
20150912,1017A,117.237,39.1082,0.127,0.10314286,0.084855721,6.333333333,5.333333333,10.33333333,0.516666667,75.33333333,287.2863464,37.46426392,3.089282382,97729.84375,265.0595286,3.077804804,0.266051173
20150912,1018A,117.202,39.0927,0.127,0.10314286,0.083782196,9,2,7,0.268666667,47.66666667,287.2250366,37.92020035,3.093966298,97699.54688,264.7831772,3.081150293,0.281318903
20150912,1019A,117.1837,39.2133,0.123,0.094444443,0.080245712,8,5,8,0.290666667,60.33333333,287.144928,36.71717453,3.11672142,97389.54688,267.52038,3.113803148,0.134841993
20150912,1021A,117.307,39.0877,0.127,0.125,0.0858228,3,11,6.666666667,0.353,62,287.4292297,37.13290405,3.073836318,97907.57031,264.4633092,3.059495687,0.29657352
20150912,1025A,117.401,39.124,0.127,0.125,0.085162178,4.666666667,4,5.333333333,0.148,60.66666667,287.5941467,35.96139145,3.059247135,98002.14063,265.0626364,3.047895432,0.263299197
20150912,1027A,117.157,38.9194,0.051,0.05725,0.069063347,9.666666667,2.333333333,7.333333333,0.212,68,287.1898193,40.21613312,3.087609325,98012.35938,261.6501563,3.054880142,0.448373348
20150912,1029A,114.4548,38.0513,0.074,0.065555557,0.060859936,2,9.333333333,14.33333333,0.201666667,89.33333333,283.6766052,61.93780136,3.138402138,95061.17969,278.4595899,3.104255915,-0.461695999
20150912,1030A,114.6046,38.0398,0.07,0.066777779,0.061052505,2.333333333,35.66666667,9.666666667,0.213333333,92.66666667,283.8204346,62.68641663,3.136560017,95458.99219,277.1388179,3.112245321,-0.389791995
20150912,1031A,114.5019,38.1398,0.057,0.061777779,0.060950649,2,8,9,0.11,81,283.7218323,61.55960846,3.137643224,94956.17188,278.0444902,3.106767893,-0.439087987
20150912,1032A,114.4586111,38.00583333,0.074,0.065555557,0.060584003,3.333333333,6.333333333,8.666666667,0.174666667,90.33333333,283.6802673,62.25007248,3.13833472,95183.17188,278.4260095,3.104459286,-0.459866673
20150912,1033A,114.5330556,38.01777778,0.074,0.069777779,0.061200127,1.333333333,4.333333333,15.66666667,0.1845,84.33333333,283.7517395,62.5132637,3.137231676,95337.86719,277.7698103,3.108429432,-0.424133301
20150912,1034A,114.5214,38.0524,0.074,0.069777779,0.061304958,5.333333333,3.333333333,11,0.100333333,75,283.7405396,62.22741318,3.137377239,95222.29688,277.8725791,3.107807875,-0.429728001
20150912,1035A,114.3541,37.9097,0.054,0.059666668,0.057199154,14,39.33333333,35.33333333,0.387,118.3333333,283.5899658,62.35623932,3.131796075,95157.60156,279.2487239,3.091082573,-0.503343999
20150912,1036A,118.1662,39.6308,0.075,0.072666664,0.065259232,1.333333333,10,16.33333333,0.319,75.66666667,288.7031555,28.48328018,2.90248334,97858.92188,273.3023661,2.897663593,-0.167198211
20150912,1037A,118.144,39.643,0.075,0.072666664,0.065133896,3,8.333333333,4,0.182666667,77,288.6541748,28.36840057,2.903789439,97809.76563,273.3734729,2.898757696,-0.170871079
20150912,1038A,118.1853,39.6407,0.089,0.075222221,0.065253464,4.333333333,44.66666667,15.66666667,0.222,81,288.7297668,28.34552002,2.90193787,97863.71875,273.6174813,2.896155834,-0.18309775
20150912,1039A,118.2185,39.6679,0.074,0.070444443,0.065158913,4.666666667,9.333333333,12.66666667,0.193333333,73.66666667,288.7659302,27.99015999,2.90051981,97854.52344,274.3326742,2.892230749,-0.219126597
20150912,1040A,118.1838,39.65782,0.089,0.075222221,0.065147438,2.666666667,13.66666667,3.666666667,0.347333333,78,288.7134705,28.14872742,2.90232152,97830.64063,273.9187779,2.895535707,-0.198351145
20150912,1041A,118.1997,39.6295,0.089,0.075222221,0.065361374,3,10.33333333,15,0.530333333,74.33333333,288.7647705,28.4581604,2.901293089,97901.40625,273.5157573,2.895832777,-0.177916035
20150912,1047A,114.5129,36.61763,0.067,0.059,0.057303856,2.666666667,8,14.33333333,0.267333333,88.33333333,284.2123718,65.31420136,2.772777196,97616.03906,277.6944941,2.747811317,-0.371249706
20150912,1048A,114.5426,36.6164,0.067,0.059,0.057326271,7.666666667,10.33333333,2.333333333,0.129,98,284.2402344,65.4950943,2.773338004,97689.00781,277.4408784,2.749983788,-0.359155744
20150912,1049A,114.5035,36.5776,0.067,0.059,0.057185734,6.333333333,8,19,0.105666667,90.33333333,284.2459412,65.23103333,2.740405671,97640.39063,277.7490121,2.715380907,-0.369499356
20150912,1051A,115.493,38.8632,0.075,0.064777779,0.060438171,4.333333333,4,9.333333333,0.107333333,93.66666667,284.6732788,53.73088455,3.159839159,95098.89063,269.3356118,3.159626722,0.036640003
20150912,1052A,115.5223,38.8957,0.075,0.064777779,0.060416927,2,7.333333333,10,0.093666667,67.66666667,284.701416,53.20923233,3.161595926,95067.53125,269.0810827,3.161189318,0.050704002
20150912,1053A,115.4713,38.9108,0.075,0.069,0.060378551,5,7,8.666666667,0.185,70.66666667,284.6524353,53.47039413,3.158578303,94934.35156,269.5242995,3.158469439,0.026224004
20150912,1054A,115.4612,38.8416,0.066,0.065888886,0.06043972,9.333333333,15,14,0.144,93.33333333,284.6427612,54.17136383,3.158002959,95097.45313,269.6121729,3.157930613,0.021376003
20150912,1055A,115.442,38.8756,0.075,0.069,0.060397274,4,7.666666667,15,0.114666667,53.66666667,284.6243286,54.01470184,3.156930024,94973.04688,269.7793066,3.156906605,0.012160003
20150912,1056A,115.5214,38.8707,0.075,0.064777779,0.060446095,19.33333333,5.333333333,12.33333333,0.042,78.33333333,284.700531,53.4429245,3.161541112,95131.21094,269.0888968,3.161141396,0.050272003
20150912,1062A,117.9664,40.9161,0.057,0.052555557,0.045271904,15,6,10.66666667,0.235666667,71.33333333,287.5849304,21.5771637,3.350471141,94105.39844,296.2574312,3.004754066,-1.482265115
20150912,1063A,117.9525,40.9843,0.068,0.053625,0.046390438,10.66666667,1,12,0.210666667,69.33333333,287.5638733,21.3785038,3.397903626,93872.23438,297.4036403,3.016611815,-1.563906074
20150912,1064A,117.963,40.9359,0.057,0.052555557,0.045558033,2.333333333,3.666666667,5,0.063333333,79,287.5796509,21.51885223,3.363519464,94038.92969,296.5914656,3.00772953,-1.505598307
20150912,1065A,117.8184,40.9733,0.052,0.051857143,0.044212944,5.666666667,3.666666667,2.666666667,0.278,72,287.3871765,21.55294418,3.506180788,93663.02344,297.6244157,3.106497526,-1.625723481
20150912,1066A,117.9384,41.0112,0.068,0.053625,0.047097061,16,1,2.333333333,0.127666667,78.66666667,287.5442505,21.30900955,3.424541191,93764.3125,297.8715987,3.027285814,-1.6009444
20150912,1067A,116.6838,39.5178,0.074,0.063666668,0.066614792,3,3.666666667,27,0.187,65.66666667,286.1418762,37.59878922,3.355961555,95715.02344,275.6439299,3.339692831,-0.330045074
20150912,1070A,116.7464,39.5343,0.074,0.063666668,0.067983688,2,2,26.33333333,0.177666667,74,286.2496338,36.88602066,3.343676173,95798.39844,275.8239013,3.326417685,-0.339287102
20150912,1071A,116.8854,38.2991,0.087,0.059444443,0.056678471,4.666666667,12.66666667,20.33333333,0.28,61,286.6538391,49.04668427,3.128569108,98967.375,262.0281968,3.098335981,0.433888018
20150912,1072A,116.8584,38.3254,0.087,0.065,0.056840614,6.333333333,10.66666667,10.33333333,0.496333333,77.66666667,286.6005859,48.95281982,3.13264845,98859.19531,262.0652383,3.102656126,0.432448
20150912,1073A,116.8709,38.3228,0.087,0.065,0.056733791,2,5.666666667,14,0.255,60.33333333,286.6252441,48.89267731,3.130759678,98886.82813,262.0481013,3.100656033,0.433114678
20150912,1074A,115.6951,37.7575,0.062,0.062222221,0.058499931,13.66666667,5.333333333,7,0.885333333,88.33333333,284.8672791,62.43729401,3.173221094,98320.21094,267.5861349,3.170405388,0.133648008
20150912,1075A,115.6426,37.7379,0.087,0.061555557,0.058409435,9.666666667,3.333333333,6.666666667,0.609666667,92.66666667,284.8168945,62.95035934,3.169461301,98286.40625,268.0391553,3.1676054,0.108448006
20150912,1076A,115.6906,37.739,0.062,0.062222221,0.058496235,7,3,16,0.212333333,83,284.8629761,62.63753128,3.172890973,98360.69531,267.6249227,3.1701653,0.13148801
20150912,1077A,114.4821,37.0967,0.057,0.058,0.057208405,5.333333333,1.333333333,8,0.128666667,77.33333333,283.7028198,65.42964172,3.137942228,96975.96875,278.2190152,3.105711937,-0.448592007
20150912,1078A,114.5261,37.0533,0.069,0.058333332,0.057038067,6.666666667,4,15.66666667,0.158,75.66666667,283.7688293,65.67742157,3.119258711,97139.64063,277.8201496,3.090249777,-0.424418688
20150912,1079A,114.5331,37.0964,0.057,0.058,0.056865143,3.666666667,6.333333333,28,0.142,47.66666667,283.75177,65.74925995,3.137231158,97107.34375,277.7694188,3.108431816,-0.424111992
20150912,1080A,114.4854,37.062,0.057,0.058,0.057305988,4,3.333333333,20.33333333,0.165,67.33333333,283.7207642,65.42828369,3.126657329,97025.39844,278.1828386,3.094824553,-0.445024759
20150913,1001A,116.366,39.8673,0.111,0.133444443,0.133421814,8,2,26.66666667,0.4,87.66666667,289.704071,29.98562622,3.27343543,94097.36719,240.292788,2.843204975,1.622209907
20150913,1002A,116.17,40.2865,0.051,0.077111115,0.08054274,4.333333333,3.666666667,9.666666667,0.4,106,289.6798096,28.33413124,3.531024425,92636.80469,244.2574026,3.180585623,1.53362596
20150913,1003A,116.434,39.9522,0.111,0.134888886,0.136064163,16.66666667,2.333333333,29.66666667,0.4,82.33333333,289.9341736,29.27412415,3.399358924,94031.11719,240.7733181,2.966602802,1.659791827
20150913,1004A,116.434,39.8745,0.111,0.134888886,0.139365204,12,2,33,0.4,90,289.8702087,29.74442673,3.333722396,94219.03125,240.0661051,2.889009476,1.663529158
20150913,1005A,116.473,39.9716,0.101,0.117333336,0.133380386,12,2.333333333,31.33333333,0.4,88,290.0401611,29.04661369,3.445549122,94064.65625,240.7632985,3.0066185,1.682870746
20150913,1006A,116.361,39.9425,0.111,0.133444443,0.132417252,15,2,30.66666667,0.433333333,90.33333333,289.7566528,29.5405941,3.334845097,93904.32813,241.0273411,2.91749239,1.615373015
20150913,1007A,116.315,39.9934,0.101,0.119555557,0.122986343,11.66666667,2,32.66666667,0.366666667,83,289.6944885,29.35857773,3.344817849,93685.51563,241.7247103,2.945719957,1.584468484
20150913,1008A,116.72,40.1438,0.139,0.119777779,0.114789879,14.33333333,2.333333333,21.66666667,0.366666667,75,290.7297668,27.53701591,3.764731049,94101.21094,240.9497366,3.291105509,1.828065753
20150913,1009A,116.644,40.3937,0.076,0.068666664,0.069264626,12.66666667,4,10.33333333,0.366666667,78,290.7420044,26.60631561,3.909669023,93253.28906,243.0752954,3.485870123,1.770373225
20150913,1010A,116.23,40.1952,0.132,0.108222221,0.08540863,9,5,23.66666667,0.6,81,289.6957092,28.61654091,3.473498164,92988.77344,243.7791832,3.116067886,1.534702063
20150913,1011A,116.407,40.0031,0.101,0.117333336,0.128371719,14.33333333,4,42.66666667,0.533333333,85.33333333,289.914093,29.04583168,3.422372491,93851.39844,241.3535841,3.003456593,1.640695572
20150913,1012A,116.225,39.9279,0.14,0.105333336,0.117248924,15,3.666666667,35.33333333,0.266666667,101.6666667,289.4467773,30.01846123,3.22426973,93660.25,241.2942909,2.828001499,1.548651934
20150913,1014A,117.193,39.173,0.112,0.191333328,0.169768738,20.33333333,10.33333333,10.33333333,0.690333333,83,291.321228,31.3631115,3.539998142,97377.76563,232.6563472,2.814339399,2.147342682
20150913,1015A,117.145,39.1654,0.255,0.1905,0.167028015,28,11.33333333,15.33333333,0.833,94.33333333,291.1891785,31.57094574,3.486952401,97302.75,232.5751583,2.769167423,2.119091511
20150913,1016A,117.184,39.1205,0.231,0.226375,0.175087601,30.33333333,10.66666667,20.33333333,0.728,105,291.2718811,31.68053818,3.501692444,97480.65625,232.2579771,2.769050121,2.14341116
20150913,1017A,117.237,39.1082,0.231,0.226375,0.181240143,26.66666667,12.33333333,24,0.962666667,112.3333333,291.4091797,31.56139565,3.549620804,97610.33594,232.2105636,2.805151701,2.175070524
20150913,1018A,117.202,39.0927,0.231,0.226375,0.177048462,31,10.33333333,17.33333333,0.767,70.33333333,291.3072815,31.76865959,3.504979411,97578.75,232.0641362,2.76437521,2.154787779
20150913,1019A,117.1837,39.2133,0.112,0.191333328,0.163498001,28.66666667,13.33333333,15.33333333,1.184,122.3333333,291.3157959,31.17554665,3.553061443,97267.55469,232.9502481,2.835743189,2.140748978
20150913,1021A,117.307,39.0877,0.232,0.224,0.181310364,20.33333333,18.66666667,19.66666667,0.764666667,86.33333333,291.5895691,31.42521858,3.611265173,97790.92188,232.1285359,2.850696325,2.21692729
20150913,1025A,117.401,39.124,0.232,0.215833328,0.169318649,19,8.666666667,19.66666667,0.434,76.33333333,291.8583069,30.90177917,3.726837624,97888.85156,232.4430736,2.954443455,2.271691561
20150913,1027A,117.157,38.9194,0.081,0.12825,0.133730286,48.66666667,14,11,0.423666667,84.33333333,291.1154175,32.8760376,3.37973094,97890.35156,230.8870621,2.62234664,2.132106781
20150913,1036A,118.1662,39.6308,0.281,0.194555557,0.141547333,11,18.66666667,45,0.490333333,89,293.9187622,27.49594498,4.666127059,97776.38281,234.0803903,3.778820515,2.737381458
20150913,1037A,118.144,39.643,0.281,0.194555557,0.139698013,9.666666667,13,26,0.354666667,98.66666667,293.8749084,27.45165825,4.64686875,97725.69531,234.2160394,3.769667864,2.717166424
20150913,1038A,118.1853,39.6407,0.281,0.178111115,0.142057221,17.66666667,11.66666667,32,0.422333333,95.33333333,293.9574585,27.43665314,4.688143508,97781.75781,234.0165768,3.793584824,2.754524231
20150913,1039A,118.2185,39.6679,0.124,0.169222229,0.142436981,11.33333333,12.33333333,31.66666667,0.249333333,99.66666667,294.0250854,27.28680801,4.727754372,97773.15625,233.9273997,3.821309328,2.783748627
20150913,1040A,118.1838,39.65782,0.124,0.169222229,0.141073898,19.33333333,14.66666667,17.66666667,0.360666667,107.6666667,293.9552612,27.35606766,4.690866852,97747.96875,234.065942,3.798161745,2.752852917
20150913,1041A,118.1997,39.6295,0.281,0.178111115,0.143424347,20,18.33333333,37.66666667,0.604,93.33333333,293.9857788,27.48080635,4.70016572,97820.57813,233.9228356,3.79878974,2.767806768
20150913,1051A,115.493,38.8632,0.122,0.095375,0.08967292,16.66666667,8,22,0.34,109,287.5906677,39.35620499,2.066611225,94902.00781,221.0027302,1.355893254,1.559626698
20150913,1052A,115.5223,38.8957,0.122,0.095375,0.091289078,27.33333333,13,29,0.790333333,75.33333333,287.6297302,39.02709961,2.079102677,94873.22656,221.3319734,1.373082638,1.561189294
20150913,1053A,115.4713,38.9108,0.122,0.096875,0.089408234,11.66666667,7.666666667,19.66666667,0.355,80,287.5617371,39.11192703,2.057404303,94738.39063,220.7563213,1.343162656,1.558469296
20150913,1055A,115.442,38.8756,0.122,0.096875,0.088423851,13,10.33333333,29,0.322,56,287.5226746,39.46049118,2.045033885,94774.375,220.4200952,1.325973272,1.5569067
20150913,1056A,115.5214,38.8707,0.122,0.095375,0.090620369,33.33333333,14,20,0.198333333,100,287.62854,39.1999855,2.078718037,94935.90625,221.3219182,1.37255466,1.561141372
20150913,1057A,114.8985,40.8367,0.066,0.076333336,0.063850216,13.33333333,12,30,0.228,99.66666667,287.9341431,28.16599655,3.496469434,89194.32813,242.0103283,3.087495089,1.640936494
20150913,1059A,114.8814,40.8115,0.066,0.076333336,0.066247963,8,21,14,0.496333333,94.66666667,287.8825989,28.27875328,3.468876258,89227.41406,241.6904813,3.053993702,1.645060778
20150913,1060A,114.9032,40.7688,0.066,0.076333336,0.070091202,21.66666667,8.666666667,22.33333333,0.414333333,62.66666667,287.8952637,28.54574966,3.43526654,89327.6875,241.481687,3.018446922,1.640132427
20150913,1061A,114.904,40.8725,0.047,0.054333332,0.059907623,3.333333333,8.333333333,41.66666667,0.679,95.33333333,287.9867554,27.97741127,3.518354668,89130.71875,242.4104642,3.118276119,1.629470348
20150913,1062A,117.9664,40.9161,0.081,0.081222221,0.073138527,7.333333333,43,31.66666667,0.702333333,74,293.591156,22.42249298,4.823855094,94034.29688,238.5106298,4.113480091,2.519694328
20150913,1063A,117.9525,40.9843,0.087,0.083777779,0.07643425,12.66666667,8.333333333,16.33333333,0.287,88,293.5620117,22.16685295,4.753130248,93803.28125,238.9505962,4.072115421,2.451555252
20150913,1064A,117.963,40.9359,0.081,0.081222221,0.074059357,9.333333333,24.66666667,23.66666667,0.390666667,80.33333333,293.5838318,22.348526,4.803438519,93968.45313,238.6331416,4.101425648,2.500265837
20150913,1065A,117.8184,40.9733,0.065,0.081,0.073974579,8.333333333,80,13,1.012666667,83.66666667,293.3123169,22.17777443,4.708654755,93591.35938,239.6490824,4.063318729,2.379258394
20150913,1066A,117.9384,41.0112,0.087,0.083777779,0.077597519,8.333333333,10.33333333,10,0.187666667,90.66666667,293.5347595,22.06355858,4.722363543,93696.07813,239.1783428,4.05540657,2.419585705
20150913,1067A,116.6838,39.5178,0.155,0.113777779,0.104640991,10.66666667,6.666666667,32.33333333,0.346,85.33333333,290.2050171,31.10765648,3.268181504,95577.67969,235.9213267,2.70693326,1.831262589
20150913,1069A,116.715,39.5571,0.155,0.123,0.110658684,7.333333333,3.333333333,24.33333333,0.302,97.33333333,290.3108215,30.77922058,3.325021494,95546.46875,236.2249131,2.763845205,1.848493338
20150913,1070A,116.7464,39.5343,0.155,0.113777779,0.109030434,11.33333333,3.666666667,32,0.285333333,95.66666667,290.3737183,30.81248093,3.337176331,95662.94531,235.9539159,2.765142679,1.868350029
20150913,1071A,116.8854,38.2991,0.112,0.108888886,0.107105949,12,40,24,0.586333333,73,290.3621826,37.40185928,3.088307967,98831.1875,230.2986426,2.37609601,1.972768068
20150913,1072A,116.8584,38.3254,0.112,0.093777779,0.107429405,18,38,24.33333333,0.962333333,91,290.2872925,37.36393738,3.059356897,98721.51563,230.2340222,2.351615906,1.956928015
20150913,1073A,116.8709,38.3228,0.112,0.093777779,0.107852692,14.66666667,31,23,0.612333333,70,290.3219604,37.32702255,3.072759774,98749.875,230.2640909,2.362949371,1.964261413
20150914,1029A,114.4548,38.0513,1.348,1.321,1.172200439,83,63,53,1.3625,130.5,287.0680847,55.21192551,2.729657611,94857.05469,161.4097826,-0.870207965,2.587231874
20150914,1030A,114.6046,38.0398,1.248,1.223800049,1.050296021,101,109.5,51,1.345,125.5,287.1959229,55.36426926,2.68949401,95266.67969,162.376293,-0.814282656,2.563263893
20150914,1031A,114.5019,38.1398,1.389,1.324,1.128067139,72.5,58.5,50.5,1.2485,116.5,287.1082764,54.83267212,2.7169466,94762.39844,161.7105885,-0.852623999,2.57969594
20150914,1032A,114.4586111,38.00583333,1.348,1.321,1.171932251,41,61.5,41.5,1.389,115.5,287.0713501,55.42632675,2.728626436,94976.11719,161.4340192,-0.868785143,2.586622238
20150914,1033A,114.5330556,38.01777778,1.248,1.223800049,1.133609131,77.5,74,53,1.35,125.5,287.1348877,55.41894913,2.70858001,95137.92969,161.9111133,-0.84099257,2.574711084
20150914,1047A,114.5129,36.61763,0.079,0.082,0.113838272,36.5,10.5,31,0.655,141,287.5189209,54.67918396,2.415546932,97316.38281,152.3480649,-1.121053219,2.13965106
20150914,1049A,114.5035,36.5776,0.079,0.082,0.108253349,52.5,21.5,20.5,0.3665,143.5,287.5469971,54.54887009,2.39576258,97337.21094,151.3656112,-1.148094296,2.102750063
20150914,1050A,114.4965,36.61981,0.079,0.082,0.115420136,48,27.5,32.5,0.6095,133,287.5047302,54.70575333,2.421572029,97273.125,152.305192,-1.125454187,2.144146442
20150914,1061A,114.904,40.8725,0.038,0.044833332,0.055326847,4,13,44,0.731,124,288.053894,38.21520996,5.259064992,89256.24219,187.3917844,0.676596582,5.215360165
20150914,1063A,117.9525,40.9843,0.377,0.2785,0.268188324,3,10,17.5,0.771,133.5,291.8459473,24.11316299,5.257255785,94206.875,196.3435521,1.479371786,5.044818878
20150914,1065A,117.8184,40.9733,0.377,0.2465,0.227647034,3.5,21,19,1.021,139,291.6618652,24.31320572,5.253984234,93986.03906,196.2443077,1.469716072,5.044232845
20150914,1066A,117.9384,41.0112,0.377,0.2785,0.258828735,11,12,16,0.501,138.5,291.8400574,23.93458748,5.249099039,94097.90625,196.3550028,1.478083134,5.036696434
20150914,1077A,114.4821,37.0967,0.618,0.740666687,0.405738953,123.5,58,76,2.187,95,287.0914001,56.38592911,2.722280836,96706.78125,161.5837921,-0.860015988,2.582863808
20150914,1078A,114.5261,37.0533,0.618,0.333399994,0.315775452,93.5,77,57,1.4,81.5,287.1487732,56.21753693,2.694069174,96871.00781,161.4486194,-0.857131422,2.554081917
20150914,1079A,114.5331,37.0964,0.618,0.333399994,0.32640622,87,77.5,66.5,1.122,57.5,287.1349182,56.3690567,2.708568066,96842.25,161.9113995,-0.840976,2.574703932
20150914,1080A,114.4854,37.062,0.618,0.740666687,0.375412628,104,63.5,58.5,1.505,79,287.1065979,56.26365662,2.711290355,96754.08594,161.3481853,-0.867114782,2.568892241
20150915,1002A,116.17,40.2865,0.651,0.697,0.617144287,101.6666667,30.33333333,17,1.033333333,208,289.6944275,44.60403442,3.718962126,92922.13281,197.4849026,1.117378831,3.547131777
20150915,1009A,116.644,40.3937,0.944,0.739888916,0.679139282,101.3333333,34.33333333,10,0.85,195,290.1567688,41.69268036,3.752103921,93578.96875,196.1207935,1.041821599,3.604565382
20150915,1010A,116.23,40.1952,0.899,0.819400024,0.783022095,110.6666667,28,31.33333333,1.2,185.6666667,289.7471619,44.88513565,3.56321051,93281.90625,197.3146232,1.060477495,3.401743174
20150915,1031A,114.5019,38.1398,1.093,0.971333313,0.961307495,65,47.66666667,31.66666667,1.041,186.6666667,288.0218201,57.36059189,2.359430994,94815.78906,180.3287064,0.013536001,2.359392166
20150915,1051A,115.493,38.8632,0.854,0.848666687,0.850292542,68.66666667,11.33333333,26.66666667,0.686666667,180,288.9732971,52.53489685,2.045718745,95091.07813,183.3419006,0.119253337,2.042239904
20150915,1052A,115.5223,38.8957,0.854,0.848666687,0.842689331,62.66666667,39.66666667,26.66666667,1.573333333,128.6666667,289.0014038,52.34754944,2.036544368,95065.15625,183.4450554,0.12237867,2.032864094
20150915,1053A,115.4713,38.9108,0.854,0.848666687,0.833616577,72,10,26,0.756,137.6666667,288.9524536,52.49110031,2.052517981,94928.125,183.2660967,0.116938666,2.049184084
20150915,1054A,115.4612,38.8416,0.854,0.848666687,0.854057739,63,17.66666667,32,0.716666667,177,288.942749,52.70140457,2.05568374,95084.82031,183.2309859,0.115861334,2.052416086
20150915,1055A,115.442,38.8756,0.854,0.848666687,0.841686279,76,19.33333333,43.33333333,0.754666667,110.6666667,288.9243164,52.68382263,2.061703979,94961.17969,183.1645379,0.113813333,2.058560133
20150915,1056A,115.5214,38.8707,0.854,0.848666687,0.850029724,83.66666667,34.66666667,35,0.455666667,160.6666667,289.0005493,52.41535568,2.036826091,95126.78125,183.4418729,0.122282669,2.033152103
20150915,1057A,114.8985,40.8367,0.234,0.324777771,0.29084256,44.66666667,18,13.66666667,0.368666667,172.3333333,288.5171814,46.80719376,5.111947396,89347.03125,195.4638382,1.362999201,4.92688942
20150915,1058A,114.892,40.79481,0.234,0.324777771,0.317503388,49.66666667,29.66666667,12.66666667,0.522666667,160,288.4946594,47.0900116,5.058383771,89422.02344,195.2849213,1.333487034,4.879452705
20150915,1059A,114.8814,40.8115,0.234,0.324777771,0.315571625,53,27.33333333,17.66666667,0.747333333,157.3333333,288.4853516,46.99864578,5.089668218,89379.84375,195.3105256,1.343928099,4.909030437
20150915,1060A,114.9032,40.7688,0.234,0.324777771,0.317466217,51.33333333,29,19,1.533666667,133.6666667,288.5040283,47.24055862,5.012263666,89483.22656,195.2294601,1.316648126,4.836240768
20150915,1061A,114.904,40.8725,0.229,0.254555557,0.26849704,19,12.66666667,53.33333333,0.802666667,170.6666667,288.5714111,46.56599045,5.135440414,89282.49219,195.6763856,1.387614727,4.94441843
20150915,1062A,117.9664,40.9161,0.645,0.6225,0.544774292,53.66666667,38,29.66666667,0.856,183.6666667,291.2763062,34.22994614,4.102802891,94468.50781,191.1487888,0.793307662,4.02537632
20150915,1063A,117.9525,40.9843,0.586,0.57,0.528620911,40.33333333,20.33333333,16.66666667,0.669666667,202.3333333,291.2735596,33.80914688,4.116111925,94235.48438,191.4756427,0.81890595,4.033828259
20150915,1064A,117.963,40.9359,0.645,0.6225,0.539889526,63.66666667,34,24.33333333,0.762333333,193.3333333,291.276001,34.1072731,4.10646101,94402.13281,191.240147,0.800438166,4.027694225
20150915,1065A,117.8184,40.9733,0.584,0.590888916,0.558736389,37.66666667,25,21,0.923333333,177.6666667,291.1604919,33.96186447,4.145557223,94012.46875,192.1881278,0.875219405,4.052114964
20150915,1066A,117.9384,41.0112,0.586,0.57,0.524875061,53,27.66666667,15.33333333,0.825333333,206,291.2654114,33.64908218,4.123619123,94126.76563,191.6532182,0.832920313,4.038623333
20150915,1067A,116.6838,39.5178,1.207,1.209,1.210790894,95.33333333,37,30.33333333,2.209666667,190.3333333,290.245697,45.79151917,2.517936031,95879.59375,190.0672296,0.4401443,2.479168177
20150915,1069A,116.715,39.5571,1.227,1.26675,1.223029785,105.3333333,42.66666667,29.66666667,1.112,208.6666667,290.2801819,45.50452042,2.566858021,95853.66406,190.2184027,0.455362767,2.526144266
20150915,1070A,116.7464,39.5343,1.288,1.210285767,1.219676636,103.3333333,46,32.66666667,1.244666667,215.6666667,290.3188477,45.45957565,2.530255815,95970.72656,189.7631074,0.429068029,2.493610859
20150915,1074A,115.6951,37.7575,0.805,0.919833313,0.953493347,63.33333333,36,27.33333333,1.527666667,185,289.1672974,54.89433289,1.98257483,98244.58594,184.0728125,0.140810668,1.97756803
20150915,1075A,115.6426,37.7379,0.805,0.919833313,0.913826721,60.66666667,26.33333333,23,1.171666667,197,289.1169128,55.06777954,1.99894609,98204.33594,183.8785039,0.135210663,1.994367957
20150915,1076A,115.6906,37.739,0.805,0.919833313,0.945050964,56.33333333,28,27.33333333,0.735333333,182.6666667,289.1629944,54.95594025,1.983977117,98283.1875,184.0560321,0.140330672,1.979007959
20150916,1006A,116.361,39.9425,1.224,1.225,1.35293042,134.6666667,15.33333333,50,1.266666667,174,291.9007263,46.3711586,3.13509675,94059.71094,206.497267,1.398739457,2.805772543
20150916,1007A,116.315,39.9934,1.196,1.310125,1.322980957,135.3333333,14.66666667,41.66666667,1.1,160.6666667,291.8890076,46.33898163,3.164657832,93839.90625,207.0047642,1.436959028,2.819611311
20150916,1008A,116.72,40.1438,1.594,1.677166626,1.595799561,142,11.66666667,39.66666667,1.133333333,165.6666667,292.2029419,44.19189453,3.431621267,94282.53906,207.2723907,1.572441936,3.050155878
20150916,1009A,116.644,40.3937,1.086,1.223714233,1.185195923,120.3333333,15.66666667,17,1.133333333,189.6666667,292.2256165,42.66143417,3.649174463,93424.85938,208.9041101,1.763810873,3.194596291
20150916,1010A,116.23,40.1952,1.474,1.4185,1.259034058,131.3333333,10.66666667,33,1.2,181.6666667,291.9162598,45.14805985,3.298684675,93134.22656,208.8447827,1.591412306,2.889416456
20150916,1011A,116.407,40.0031,1.303,1.441333374,1.398751831,145.6666667,14.66666667,60.33333333,1.3,175.3333333,291.9552612,46.03839111,3.199322632,94012.64844,206.9302422,1.448990345,2.852383614
20150916,1012A,116.225,39.9279,1.224,1.1725,1.244786255,118.6666667,13,19,0.833333333,186.3333333,291.7981873,46.80129623,3.085974916,93805.47656,206.496479,1.376785517,2.761829615
20150916,1029A,114.4548,38.0513,1.498,1.363857178,1.334855591,87.66666667,59,40,1.211333333,158.6666667,289.9638367,57.96144867,2.511042848,94828.80469,187.155175,0.312768012,2.49148798
20150916,1030A,114.6046,38.0398,1.358,1.343125,1.320613037,25.33333333,61,38.66666667,1.035,151,290.0836792,57.74507141,2.498307019,95232.38281,187.7462274,0.336736023,2.475509405
20150916,1031A,114.5019,38.1398,1.423,1.394428589,1.334247559,44,47.33333333,40,1.264666667,122.6666667,290.0015259,57.53995132,2.507009772,94730.54688,187.3403649,0.320304006,2.486464024
20150916,1034A,114.5214,38.0524,1.423,1.394428589,1.332459229,46.33333333,35.66666667,38,0.779,119.6666667,290.0171204,57.84165955,2.50534773,94992.82031,187.4172102,0.323424011,2.48438406
20150916,1035A,114.3541,37.9097,1.408,1.3795,1.318498535,92.33333333,107.6666667,86.66666667,1.949666667,179,289.8921814,58.6898613,2.520598847,94913.4375,186.7079319,0.29442668,2.503344059
20150916,1057A,114.8985,40.8367,0.61,0.543,0.474813843,68,9.333333333,20.66666667,0.449,169,291.2819519,43.31966019,2.949425748,89242.53125,218.092355,1.819591761,2.321249247
20150916,1058A,114.892,40.79481,0.61,0.543,0.520716797,60.66666667,7.666666667,18.66666667,0.585666667,163.6666667,291.2427063,43.65924835,2.938276553,89316.77344,217.4459163,1.786508203,2.332778931
20150916,1059A,114.8814,40.8115,0.61,0.543,0.507195099,62,28.66666667,20.66666667,0.855,156,291.2437744,43.52588654,2.938516518,89275.58594,217.6994156,1.796958566,2.325041771
20150916,1060A,114.9032,40.7688,0.61,0.543,0.531348816,52,13.66666667,22.66666667,0.867333333,152,291.2373962,43.86750412,2.934482444,89376.71094,217.0748573,1.76907599,2.341272593
20150916,1061A,114.904,40.8725,0.42,0.40675,0.435366943,16.33333333,11.33333333,61.66666667,1.010666667,161.6666667,291.3494873,43.02979279,2.933184387,89178.63281,219.0343697,1.847279787,2.278404713
20150916,1062A,117.9664,40.9161,0.606,0.578875,0.531162903,66.33333333,33.33333333,25.66666667,1.110666667,183.3333333,292.899231,37.20532227,4.8425286,94288.0625,205.2708631,2.067265987,4.379097462
20150916,1063A,117.9525,40.9843,0.648,0.604,0.568644287,64,13,16,0.985333333,207.6666667,292.9384155,36.77174377,4.752547627,94055.01563,205.4642888,2.043350458,4.290853977
20150916,1064A,117.963,40.9359,0.606,0.578875,0.541753784,77,19.66666667,30,1.055,194.3333333,292.9108276,37.07957077,4.816810354,94221.67969,205.3225714,2.060217142,4.353982925
20150916,1066A,117.9384,41.0112,0.648,0.604,0.57979541,74.66666667,20.33333333,17,1.220666667,202.6666667,292.9508057,36.59925079,4.711413982,93946.41406,205.5868653,2.034760714,4.249372959
20150916,1077A,114.4821,37.0967,1.585,1.273666626,1.112483032,85.33333333,56,55,2.623,125,289.9856873,59.32945633,2.508701943,96697.45313,187.2624423,0.317136019,2.488575935
20150916,1078A,114.5261,37.0533,1.585,1.273666626,1.072306763,76,98.66666667,61,3.198,93.66666667,290.0312195,59.15601349,2.48628093,96861.11719,187.231339,0.31296277,2.466505051
20150916,1079A,114.5331,37.0964,1.585,1.273666626,1.117903442,84.33333333,94,54,3.058333333,79.33333333,290.0264587,59.21705246,2.504352529,96831.01563,187.4633667,0.325296015,2.483135939
20150916,1080A,114.4854,37.062,1.585,1.273666626,1.078472534,57.66666667,75,48.66666667,3.542666667,120.3333333,289.9947815,59.26139069,2.496973654,96745.49219,187.1499056,0.310787737,2.477556944
20150917,1031A,114.5019,38.1398,2.356,2.2995,2.119136963,91.66666667,49,60,2.059333333,128.6666667,291.1556702,58.5342598,2.707028531,94635.75,208.7005131,1.299999952,2.374448061
20150917,1047A,114.5129,36.61763,0.957,0.9585,0.971776856,62,17.66666667,39.33333333,1.643666667,142,291.5269165,60.95362854,2.59161749,97258.89844,204.5397513,1.076362133,2.357525349
20150917,1048A,114.5426,36.6164,0.957,0.9585,0.966464905,61,9.333333333,43.66666667,1.728333333,109.6666667,291.5623474,60.8736496,2.60225467,97332.78906,204.3995791,1.074985504,2.369838715
20150917,1049A,114.5035,36.5776,0.957,0.9585,0.965806702,92.66666667,58,40.66666667,1.612333333,169.3333333,291.5472717,60.9691925,2.578364446,97283.35156,204.2041256,1.057100296,2.351701975
20150917,1050A,114.4965,36.61981,0.957,0.9585,0.973872376,76.33333333,35,36,1.451666667,151.3333333,291.506134,60.99813843,2.586104994,97216.3125,204.6318144,1.077851295,2.350781918
20150917,1074A,115.6951,37.7575,1.301,1.266,1.210641479,81.66666667,22,21.66666667,1.522,179.6666667,292.6193237,56.49627686,3.338007942,98036.28125,202.9205193,1.299999952,3.074458838
20150917,1075A,115.6426,37.7379,1.301,1.242666626,1.200847412,73,22.66666667,17.66666667,1.178333333,199,292.5549011,56.7594986,3.309661366,97996.78125,203.1281771,1.299999952,3.043658733
20150917,1076A,115.6906,37.739,1.301,1.266,1.214366455,72.33333333,17,14.66666667,0.665,161,292.6138,56.58424759,3.335576531,98075.11719,202.9381802,1.299999952,3.071818829
20150917,1077A,114.4821,37.0967,1.331,1.2745,1.2561698,93,65.33333333,60.33333333,2.603666667,139.6666667,291.1313782,61.14847946,2.696845428,96613.47656,208.8190282,1.299999952,2.362832069
20150917,1078A,114.5261,37.0533,1.331,1.2745,1.204966431,85.33333333,95.66666667,51.66666667,2.369,129.3333333,291.203064,61.02642059,2.713075506,96778.48438,208.3635181,1.288884521,2.387374163
20150917,1079A,114.5331,37.0964,1.331,1.2745,1.236744995,88,100,48.33333333,2.353666667,103.6666667,291.1939392,61.01942062,2.72309781,96745.89844,208.5155634,1.299999952,2.392751932
20150917,1080A,114.4854,37.062,1.331,1.2745,1.228544312,79.66666667,78,50.33333333,2.475666667,121.6666667,291.1464539,61.13196564,2.694753823,96663.29688,208.6777924,1.29316783,2.364194393
20150918,1001A,116.366,39.8673,0.116,0.16275,0.249433197,29.33333333,3.333333333,19.66666667,0.633333333,107,289.8839111,49.62167358,0.768429644,94279.44531,345.4121345,0.193540111,-0.74365741
20150918,1003A,116.434,39.9522,0.117,0.157,0.200847015,32.66666667,4,18.33333333,0.533333333,101.6666667,289.8432922,48.95260239,0.828068497,94220.84375,348.7845129,0.161058947,-0.812254548
20150918,1004A,116.434,39.8745,0.14,0.19275,0.241307999,42,7,38,0.6,80.66666667,289.9846802,49.56868362,0.760260215,94401.38281,344.1645637,0.207456276,-0.731407881
20150918,1005A,116.473,39.9716,0.19,0.187,0.194970764,34.33333333,4.333333333,14,0.533333333,118,289.8743591,48.81154633,0.835934274,94256.05469,348.9869807,0.159690276,-0.820539534
20150918,1006A,116.361,39.9425,0.117,0.124571426,0.208665299,45,4.5,22,0.65,111,289.7373047,49.01106262,0.837249712,94093.49219,349.8455859,0.147608534,-0.824135184
20150918,1007A,116.315,39.9934,0.117,0.124571426,0.179645447,25.66666667,4.666666667,6.666666667,0.466666667,100,289.5652161,48.58034134,0.898015025,93879.64063,353.2575106,0.105433494,-0.891804218
20150918,1008A,116.72,40.1438,0.082,0.08675,0.122398567,41.33333333,2,11,0.566666667,116,289.9938354,47.22515106,0.924993836,94306.05469,352.6233266,0.118761718,-0.917338133
20150918,1010A,116.23,40.1952,0.184,0.17475,0.133115784,22,4,16.66666667,0.466666667,87.33333333,289.0600586,46.33792877,1.131283697,93199.46094,1.929285899,-0.038085889,-1.130642414
20150918,1011A,116.407,40.0031,0.117,0.157,0.176328064,29,4,21,0.666666667,112.3333333,289.7045288,48.52955627,0.882282054,94046.01563,351.9442027,0.123640761,-0.873575747
20150918,1012A,116.225,39.9279,0.116,0.1645,0.212234955,33.33333333,3.333333333,11,0.333333333,117,289.5487366,49.10025406,0.8539862,93848.75,352.1726022,0.116303839,-0.84602946
20150918,1014A,117.193,39.173,0.788,0.827833313,0.784882874,85.66666667,16,17.66666667,0.574,80,292.3971863,53.82755661,0.871603275,97480.42969,260.4970646,0.859642386,0.143900096
20150918,1015A,117.145,39.1654,0.591,0.842666687,0.769642517,76,41.66666667,14.66666667,0.557,122,292.3377991,53.95640564,0.861491651,97405.4375,260.5231256,0.849734128,0.141844198
20150918,1016A,117.184,39.1205,1.057,1.00175,0.8719552,122,13,32,1.146,85,292.4691772,54.1584816,0.91076186,97577.85938,257.8813718,0.890465558,0.191202134
20150918,1017A,117.237,39.1082,1.057,1.00175,0.906042786,91,12.66666667,28.66666667,1.081,114,292.567627,54.13259125,0.939144176,97705.25781,256.9316586,0.914821327,0.212352827
20150918,1018A,117.202,39.0927,1.057,1.00175,0.928037903,103.6666667,6.333333333,22,0.813333333,84.33333333,292.5409851,54.29092026,0.940069875,97672.64844,256.440428,0.913866997,0.220405266
20150918,1019A,117.1837,39.2133,0.788,0.827833313,0.69661792,79,10.33333333,16.66666667,0.618666667,102,292.317688,53.60133362,0.837543269,97374.6875,262.8336893,0.831000566,0.104483426
20150918,1021A,117.307,39.0877,1.09,1.034571411,0.939375488,110.3333333,17.33333333,23.66666667,0.832666667,106.3333333,292.7039795,54.11750793,0.980669441,97882.33594,255.5988134,0.949854851,0.243902266
20150918,1025A,117.401,39.124,1.09,1.088,0.876654968,51.66666667,17.66666667,23,0.654666667,144.3333333,292.785553,53.73761368,0.98235432,97982.52344,256.5800465,0.95553124,0.227991357
20150918,1027A,117.157,38.9194,1.089,1.123,1.097612183,174,15.33333333,25.66666667,0.875666667,119.3333333,292.7060852,55.43077469,1.048657731,97966.625,250.7854522,0.990239978,0.345120013
20150918,1029A,114.4548,38.0513,0.764,0.668,0.727797546,54.66666667,30,28,0.950666667,142,287.8574829,70.17210388,0.161919891,94865.60156,93.01338148,-0.161696002,0.008512001
20150918,1030A,114.6046,38.0398,0.803,0.859625,0.869056274,42.66666667,44.66666667,19,1.094333333,113.3333333,288.1530762,70.43096924,0.093072,95260.33594,105.2562691,-0.089792006,0.024490668
20150918,1031A,114.5019,38.1398,0.523,0.582777771,0.68470221,39.33333333,13,12.33333333,0.774666667,137.3333333,287.9504395,69.11941528,0.139745112,94770.97656,95.55850153,-0.139088005,0.013536001
20150918,1032A,114.4586111,38.00583333,0.707,0.811625,0.760172791,38,25.33333333,18,0.982333333,136.6666667,287.8649902,70.7379837,0.160115252,94981.95313,93.19306087,-0.159866676,0.008918517
20150918,1033A,114.5330556,38.01777778,0.92,0.898777771,0.822093994,55.33333333,63,24,0.713666667,157.3333333,288.0119019,70.64562225,0.125272965,95137.28906,97.7343462,-0.124133319,0.016859265
20150918,1034A,114.5214,38.0524,0.764,0.725666687,0.784864197,46.33333333,15.66666667,20.33333333,0.704333333,85.66666667,287.9888916,70.2114563,0.130664511,95026.11719,96.86394871,-0.129728004,0.015616001
20150918,1037A,118.144,39.643,0.871,0.794666687,0.766849915,105.3333333,64.33333333,78.33333333,3.534,128.6666667,293.1617126,51.29813385,0.826595158,97890.42969,273.3222394,0.825205982,-0.047902431
20150918,1051A,115.493,38.8632,0.948,0.716333313,0.710686401,81,11,22.66666667,0.868333333,159,289.906189,59.94934845,0.357138416,95009.22656,250.4935195,0.33664,0.119253337
20150918,1052A,115.5223,38.8957,0.948,0.716333313,0.693127625,89.66666667,20.33333333,17.66666667,1.049333333,120.6666667,289.9640198,59.5422554,0.371442894,94982.39844,250.7634927,0.350703984,0.12237867
20150918,1053A,115.4713,38.9108,0.948,0.716333313,0.668862427,81.66666667,12.66666667,17.66666667,0.870666667,133.3333333,289.8633728,59.50909042,0.346549779,94849.875,250.2792113,0.326223999,0.116938666
20150918,1054A,115.4612,38.8416,0.813,0.749,0.715499512,78,20.33333333,29,1.043666667,154.6666667,289.8434448,60.2542305,0.341623154,95004.47656,250.1749336,0.321375996,0.115861334
20150918,1055A,115.442,38.8756,0.813,0.749,0.688211548,76,8,34.33333333,0.801666667,85.33333333,289.805542,59.94755936,0.332260938,94883.69531,249.9681776,0.312159985,0.113813333
20150918,1056A,115.5214,38.8707,0.948,0.716333313,0.713056458,74.66666667,17.33333333,27.66666667,0.657333333,140.6666667,289.9622192,59.80106735,0.371003403,95043.08594,250.7555109,0.350272,0.122282669
20150918,1067A,116.6838,39.5178,0.626,0.460111115,0.422096771,48.66666667,9,34.66666667,0.614666667,128.6666667,291.0296631,52.18850327,0.576619788,95723.23438,301.3691391,0.492336035,-0.300159305
20150918,1069A,116.715,39.5571,0.303,0.450375,0.40174527,47.66666667,5,16.66666667,0.489333333,147.3333333,291.010437,51.87913132,0.581329354,95695.5625,304.8241136,0.477218479,-0.331973404
20150918,1070A,116.7464,39.5343,0.626,0.460111115,0.392698761,46.33333333,5.666666667,25.66666667,0.665666667,151,291.1001892,52.0186348,0.584059652,95809.41406,301.0823971,0.500203729,-0.301532596
20150918,1074A,115.6951,37.7575,1.93,2.001777832,1.900390503,128.6666667,31.33333333,31,1.782333333,144.3333333,290.3049927,70.3006134,0.455936644,98105.44531,252.0107702,0.43364799,0.140810668
20150918,1075A,115.6426,37.7379,2.348,2.083333252,1.927122437,118,32.66666667,33,1.462666667,170,290.2013855,70.77611542,0.430246065,98067.57031,251.6836395,0.408447981,0.135210663
20150918,1076A,115.6906,37.739,1.93,2.001777832,1.887109497,126.3333333,25,33,0.944666667,134.3333333,290.2961121,70.50653839,0.453734033,98143.60938,251.9841811,0.431487978,0.140330672
20150921,1010A,116.23,40.1952,1.473,1.4565,1.421488037,126.3333333,18.33333333,67,1.233333333,111.6666667,292.6421814,43.90505219,6.387381246,92515.94531,195.3367857,1.689412951,6.159912586
20150921,1039A,118.2185,39.6679,1.098,1.118,1.107238403,28,58.33333333,66.66666667,1.956,111.6666667,295.2921753,40.35692596,5.214187015,97430.45313,189.1050485,0.825119376,5.148487568
20150921,1061A,114.904,40.8725,0.64,0.521833313,0.679947876,30.66666667,11,59,1.414,177.6666667,291.8018494,43.7332077,8.783963275,88518.51563,197.8737909,2.695985317,8.360004425
20150923,1009A,116.644,40.3937,0.229,0.209333328,0.215237473,11.33333333,2,7.333333333,0.4,72.66666667,289.033905,66.02301025,2.981637493,92640.07813,215.0010205,1.710240483,2.442384005
20150923,1065A,117.8184,40.9733,0.214,0.186888886,0.164000092,5.666666667,3.666666667,12,0.481,67,289.2660522,62.24537277,3.231300812,93083.25781,206.9345858,1.463691831,2.880783081
20150923,1066A,117.9384,41.0112,0.137,0.1755,0.174967545,9.666666667,3,8.666666667,0.318333333,74.33333333,289.3284607,62.14757538,3.196152168,93199.47656,205.6939345,1.385735512,2.880125999
20150924,1047A,114.5129,36.61763,1.157,1.1675,1.169022949,101.6666667,65.66666667,63.33333333,2.336333333,63,290.2321472,72.15151215,1.589020296,96423.46094,187.9605854,0.220066354,1.573707819
20150924,1048A,114.5426,36.6164,1.157,1.156833374,1.167772461,133,29.33333333,97,1.238666667,126.3333333,290.2775574,72.30764008,1.604568653,96495.36719,187.4763664,0.208782017,1.590927601
20150924,1050A,114.4965,36.61981,1.157,1.1675,1.17002832,151,71.66666667,43.66666667,1.693666667,146.3333333,290.2043762,72.06873322,1.579910131,96381.97656,188.2264079,0.226061612,1.563653469
20150924,1065A,117.8184,40.9733,0.399,0.319799988,0.287989594,9.333333333,26,16.66666667,0.967666667,80.33333333,288.9338379,66.23524475,3.812999967,93094.14063,194.6178637,0.962290823,3.689575195
20150924,1072A,116.8584,38.3254,0.772,0.808666687,0.816041931,78,30.66666667,27.33333333,0.846,78.33333333,292.5569458,74.74480438,2.937448796,97909.25781,170.8413105,-0.467552006,2.900000095
20150924,1073A,116.8709,38.3228,0.772,0.808666687,0.817398315,71.66666667,26.66666667,32,0.634333333,81,292.56427,74.73074341,2.937342755,97937.64844,170.8541489,-0.466885328,2.900000095
20150925,1001A,116.366,39.8673,0.064,0.0595,0.062553352,5.5,2.333333333,11.33333333,0.333333333,79,284.6807861,33.88360977,1.642892508,93687.49219,294.1299625,1.499337435,-0.671627164
20150925,1002A,116.17,40.2865,0.084,0.068222221,0.057520889,6.5,3.333333333,16.66666667,0.2,83,283.8008118,29.11197281,2.014236848,92232.23438,289.8455675,1.894613504,-0.683805346
20150925,1003A,116.434,39.9522,0.057,0.059555557,0.062476318,5.666666667,2,14,0.233333333,77.66666667,284.6378174,32.90032196,1.746192744,93629.76563,293.5648547,1.600574493,-0.698104858
20150925,1004A,116.434,39.8745,0.064,0.0595,0.06320694,12.66666667,2,27.66666667,0.233333333,74,284.7570801,33.88525772,1.667918839,93810.70313,294.334944,1.519727826,-0.68729949
20150925,1005A,116.473,39.9716,0.057,0.060625,0.062855663,16.66666667,2,10.66666667,0.233333333,81.33333333,284.657196,32.71485519,1.775203579,93665.65625,293.5314489,1.62757957,-0.708754182
20150925,1006A,116.361,39.9425,0.057,0.059555557,0.061380188,11.33333333,2,12,0.233333333,73.66666667,284.5601501,32.91386795,1.71838854,93501.03125,293.3700792,1.577415228,-0.681630671
20150925,1007A,116.315,39.9934,0.058,0.056888889,0.060718002,4.333333333,2,12.33333333,0.2,70.5,284.4250793,32.18904495,1.759648407,93285.97656,292.7285343,1.623004317,-0.679867268
20150925,1008A,116.72,40.1438,0.055,0.063285713,0.067544121,13.33333333,2,19,0.3,65,284.6931152,31.20218086,2.000215146,93706.57813,292.8728097,1.842938185,-0.777457058
20150925,1009A,116.644,40.3937,0.055,0.057444443,0.053021065,5,2,8.333333333,0.233333333,63.33333333,284.2046814,28.44949532,2.229566702,92853.875,290.8136819,2.084067106,-0.792232275
20150925,1010A,116.23,40.1952,0.054,0.068666664,0.059664452,14,3.666666667,24.66666667,0.366666667,59.33333333,284.0153809,30.06315994,1.946625059,92586.14063,290.810622,1.819626927,-0.691597402
20150925,1011A,116.407,40.0031,0.057,0.059555557,0.062478214,7.333333333,2,17.33333333,0.3,86.66666667,284.5258179,32.21980667,1.791277346,93453.86719,292.9953923,1.648935795,-0.699775159
20150925,1012A,116.225,39.9279,0.054,0.055111111,0.058183907,6,2,11.66666667,0.233333333,80.66666667,284.4061584,32.90047073,1.663594536,93253.6875,292.885729,1.532640219,-0.646962702
20150925,1014A,117.193,39.173,0.076,0.075666664,0.067806114,7.5,5,9,0.2895,60,286.9291382,42.88724518,1.295866861,96905.50781,308.8830698,1.008739948,-0.813458443
20150925,1015A,117.145,39.1654,0.071,0.072222221,0.066575302,9,4.666666667,10.33333333,0.322333333,68,286.8727722,42.96713638,1.270374956,96829.75781,308.9649389,0.987755835,-0.798868537
20150925,1016A,117.184,39.1205,0.076,0.075666664,0.068155487,13.33333333,4.666666667,12.66666667,0.505666667,78,287.0057068,43.4821434,1.252563002,97002.875,310.1705679,0.957117856,-0.807984829
20150925,1017A,117.237,39.1082,0.063,0.068875,0.069094505,12,6.666666667,12.66666667,0.352333333,71.66666667,287.1039429,43.62343597,1.265775037,97131.125,310.5763114,0.961407185,-0.823336303
20150925,1018A,117.202,39.0927,0.063,0.068875,0.068922775,7,3,11,0.299,67,287.0794373,43.79790115,1.239522255,97097.98438,310.9241741,0.93655473,-0.811960995
20150925,1019A,117.1837,39.2133,0.076,0.075666664,0.068336418,13.66666667,8.666666667,14.66666667,0.331666667,67.66666667,286.8469849,42.42822647,1.322903915,96799.55469,307.9133847,1.043692589,-0.812884092
20150925,1021A,117.307,39.0877,0.063,0.06814286,0.069717033,15.66666667,8.666666667,14.33333333,0.474333333,67.66666667,287.2415161,43.85393143,1.280636579,97309.32031,311.2076289,0.963457763,-0.84367007
20150925,1027A,117.157,38.9194,0.057,0.058125,0.061816311,33,4.666666667,11.66666667,0.348666667,94.33333333,287.2544556,45.77401733,1.117568111,97391.54688,315.0000023,0.79023999,-0.79023999
20150925,1029A,114.4548,38.0513,0.276,0.228875,0.15831189,17.33333333,24.33333333,35.33333333,0.486,124.6666667,282.9319153,54.89294434,0.240710472,94261.74219,134.9999992,-0.170208007,0.170208007
20150925,1030A,114.6046,38.0398,0.318,0.201,0.16038855,8,21.33333333,19.66666667,0.437,95,283.1795959,56.36225891,0.161620099,94658.64063,134.9999992,-0.114282668,0.114282668
20150925,1031A,114.5019,38.1398,0.234,0.206111115,0.163402557,9,11,10,0.187333333,102,283.0097961,53.99845886,0.215842925,94166.25,134.9999992,-0.152623996,0.152623996
20150925,1034A,114.5214,38.0524,0.276,0.228875,0.159390305,17.33333333,8.666666667,19,0.598666667,80.33333333,283.0420227,55.45420456,0.205547462,94423.11719,134.9999992,-0.145344004,0.145344004
20150925,1035A,114.3541,37.9097,0.151,0.110875,0.128920197,24.66666667,52.33333333,43.66666667,0.517,29.66666667,282.7944031,56.08432007,0.294691892,94343.10938,135.7662438,-0.205573335,0.211146668
20150925,1036A,118.1662,39.6308,0.065,0.063555557,0.059193489,33.33333333,14.33333333,21,0.493666667,81.66666667,287.4911194,40.82194138,1.98220129,97348.82813,303.4416164,1.654043555,-1.092365265
20150925,1037A,118.144,39.643,0.065,0.063666668,0.059174095,32,8.333333333,17.66666667,0.341666667,84.66666667,287.4154358,40.6158371,1.976739627,97299.82031,302.9840816,1.658132434,-1.076148868
20150925,1039A,118.2185,39.6679,0.065,0.063555557,0.059724262,19.33333333,14,30.33333333,0.356666667,78,287.5357361,40.7120285,2.033663425,97349.65625,303.5706748,1.694457293,-1.124544978
20150925,1040A,118.1838,39.65782,0.065,0.063555557,0.059480335,33.66666667,13,13,0.412,85.33333333,287.477478,40.65230942,2.008425773,97323.53906,303.2823874,1.678995967,-1.102155447
20150925,1041A,118.1997,39.6295,0.065,0.063555557,0.059329773,30.33333333,19.33333333,30,1.059,81,287.572052,40.97618866,2.001291908,97392.54688,303.8846431,1.661396027,-1.115765452
20150925,1046A,119.5369,39.9419,0.078,0.066599998,0.059221264,9,8.666666667,11.33333333,0.404,34.33333333,289.29599,44.91640091,2.626867902,98738.60156,311.862602,1.95635283,-1.753031254
20150925,1047A,114.5129,36.61763,0.461,0.41175,0.324144104,33.33333333,21.66666667,51.33333333,0.717333333,67.33333333,284.6164551,61.43333435,0.492605662,96671.125,90.21203463,-0.492602289,0.001822996
20150925,1048A,114.5426,36.6164,0.461,0.41175,0.321109436,34,27.33333333,60.66666667,0.3015,129.6666667,284.6643677,61.61549377,0.482922413,96743.77344,88.85398797,-0.482825816,-0.009658604
20150925,1049A,114.5035,36.5776,0.461,0.41175,0.360777496,59,20,20,0.448,129,284.7414856,61.28138351,0.526077542,96691.60156,89.18561186,-0.526024401,-0.007477271
20150925,1050A,114.4965,36.61981,0.358,0.311555542,0.324525421,48,24.33333333,29,0.3405,58.66666667,284.5847473,61.33610916,0.496950993,96629.375,90.99657052,-0.496875823,0.008643263
20150925,1051A,115.493,38.8632,0.101,0.086,0.07124556,28.33333333,54.66666667,29.33333333,0.432,143,284.648407,47.08177948,0.307431167,94410.03125,315.0000023,0.217386663,-0.217386663
20150925,1052A,115.5223,38.8957,0.101,0.086,0.070820984,12.33333333,12,19.33333333,0.465333333,88,284.6968689,46.60591507,0.322900788,94383.32813,315.0000023,0.228325337,-0.228325337
20150925,1053A,115.4713,38.9108,0.101,0.086,0.070537842,21.33333333,12,17,0.329,124,284.6125488,46.40644073,0.295974158,94249.90625,315.0000023,0.209285334,-0.209285334
20150925,1054A,115.4612,38.8416,0.101,0.086,0.070810509,25.33333333,22,15.33333333,0.224333333,139,284.5958557,47.40531158,0.290641632,94405.03906,315.0000023,0.205514669,-0.205514669
20150925,1055A,115.442,38.8756,0.062,0.079222221,0.07062011,24.66666667,5.666666667,35.33333333,0.269333333,65,284.5640869,46.92338562,0.280504537,94283.64063,315.0000023,0.19834666,-0.19834666
20150925,1056A,115.5214,38.8707,0.101,0.086,0.071170334,35.66666667,7,22.33333333,0.297,127.3333333,284.6953735,46.96328354,0.322425604,94444.24219,315.0000023,0.227989331,-0.227989331
20150925,1057A,114.8985,40.8367,0.032,0.039333332,0.043009426,7.333333333,2.666666667,6,0.481,87.33333333,281.5056458,23.58449554,2.025115715,88772.60938,278.6044754,2.002322435,-0.302982718
20150925,1061A,114.904,40.8725,0.032,0.039333332,0.039967003,4,5,24,0.516666667,96.33333333,281.4830322,23.36003494,2.054283338,88708.83594,279.2552855,2.02753973,-0.330397755
20150925,1062A,117.9664,40.9161,0.079,0.066888886,0.051880707,17,8.333333333,15.33333333,0.360666667,76,284.7951355,25.6809082,2.798062623,93642.3125,291.0794189,2.610824108,-1.006355762
20150925,1063A,117.9525,40.9843,0.07,0.057222221,0.052857845,16.66666667,2,14,0.174666667,76.33333333,284.6773682,24.78904915,2.817748693,93410.33594,291.2907078,2.625437737,-1.023124814
20150925,1064A,117.963,40.9359,0.07,0.057222221,0.052504963,12,5.333333333,22,0.129,83.33333333,284.7616577,25.42642403,2.80371856,93576.20313,291.1413389,2.615010262,-1.01121664
20150925,1065A,117.8184,40.9733,0.071,0.056555557,0.053917301,5.333333333,4.666666667,2.333333333,0.318666667,79.33333333,284.5492249,24.0330143,2.81093613,93196.57031,291.0917678,2.622618198,-1.011551142
20150925,1066A,117.9384,41.0112,0.071,0.06,0.051611362,19,3,5,0.287,83.33333333,284.621521,24.37916565,2.825653255,93302.60938,291.3653079,2.63146472,-1.029422045
20150925,1067A,116.6838,39.5178,0.086,0.061888889,0.060273941,22.5,6.666666667,43,0.263,67.33333333,285.6455078,38.59452438,1.397256192,95138.79688,300.1371725,1.208383322,-0.701523066
20150925,1069A,116.715,39.5571,0.065,0.064,0.061376804,8.333333333,3.666666667,23,0.285333333,82,285.6252441,38.13922882,1.443895314,95111.53125,299.6229869,1.255173445,-0.71370393
20150925,1070A,116.7464,39.5343,0.053,0.062888889,0.061513054,25,2.5,9.5,0.083,4.5,285.7044067,38.44147491,1.433318611,95226.02344,300.1185692,1.239804626,-0.71922648
20150925,1071A,116.8854,38.2991,0.137,0.080777779,0.064242241,11.66666667,28,14,0.399666667,61,286.848877,53.22621536,0.994656015,98272.59375,315.0000023,0.703328013,-0.703328013
20150925,1072A,116.8584,38.3254,0.059,0.080888886,0.064573952,15,12,22,0.498,51,286.8085327,52.95010376,0.982437222,98166.04688,315.0000023,0.694688022,-0.694688022
20150925,1073A,116.8709,38.3228,0.059,0.080888886,0.064466911,2,8.333333333,9.333333333,0.170666667,59.33333333,286.8272095,52.96422195,0.988094088,98193.91406,315.0000023,0.69868803,-0.69868803
20150925,1074A,115.6951,37.7575,0.061,0.063666668,0.069377037,16.33333333,6,18.33333333,1.234333333,121.3333333,284.9825439,62.45473862,0.414134512,97518.77344,315.0000023,0.292837322,-0.292837322
20150925,1075A,115.6426,37.7379,0.057,0.065,0.068610367,12.66666667,12,21.66666667,0.912,136,284.895752,62.85369873,0.386415921,97480.59375,315.0000023,0.273237318,-0.273237318
20150925,1076A,115.6906,37.739,0.061,0.063666668,0.068727501,19.33333333,8.666666667,18.33333333,0.407666667,115.6666667,284.9751282,62.72401428,0.411758652,97557.05469,315.0000023,0.291157335,-0.291157335
20150925,1077A,114.4821,37.0967,0.251,0.214555557,0.159978027,23.66666667,19.66666667,22,0.467333333,113.3333333,282.9770508,62.3239212,0.226296797,96078.38281,134.9999992,-0.160016,0.160016
20150925,1078A,114.5261,37.0533,0.251,0.214555557,0.155102844,15,17.66666667,18,0.305666667,106,283.1285095,62.5646019,0.210704221,96237.53906,130.3100057,-0.160673633,0.1363094
20150925,1079A,114.5331,37.0964,0.251,0.214555557,0.148876297,11,28.66666667,16,0.129666667,70,283.0613709,62.72328186,0.199370167,96209.45313,134.9999992,-0.140975997,0.140975997
20150925,1080A,114.4854,37.062,0.251,0.214555557,0.163196472,7,17.66666667,21,0.287666667,124.6666667,283.0313416,62.27100754,0.229071194,96124.375,132.3406903,-0.169318646,0.154288068
20150926,1001A,116.366,39.8673,0.276,0.286,0.292870117,41.66666667,18.33333333,39,0.7,104,289.5523682,44.45782471,3.856752425,93852.96094,222.3882131,2.600031376,2.8485744
20150926,1002A,116.17,40.2865,0.222,0.168888886,0.142797836,13,3.333333333,22.33333333,0.3,100.3333333,288.7904053,40.83496094,4.114077328,92379.5625,232.8251604,3.278077602,2.485928297
20150926,1003A,116.434,39.9522,0.244,0.273,0.283489258,40,14.33333333,38.66666667,0.6,103.3333333,289.4682007,43.69994354,3.958054377,93795.91406,223.5630653,2.727703333,2.868070602
20150926,1004A,116.434,39.8745,0.276,0.286,0.293301483,44.66666667,16.33333333,47,0.566666667,112.3333333,289.5837402,44.16930008,3.895048439,93979.42969,221.9327993,2.602899313,2.89763999
20150926,1005A,116.473,39.9716,0.244,0.273,0.279874908,36.33333333,14,42.33333333,0.633333333,102.6666667,289.4624329,43.45458603,3.993147403,93833.1875,223.5818253,2.752835035,2.892598391
20150926,1006A,116.361,39.9425,0.244,0.273,0.282967621,43.33333333,14.33333333,40.33333333,0.566666667,106.6666667,289.4388428,44.00489807,3.915095913,93663.72656,224.0653522,2.722864628,2.813180447
20150926,1007A,116.315,39.9934,0.244,0.273,0.264341156,43,13.66666667,46,0.666666667,86.33333333,289.3371277,43.83425522,3.936377682,93444.58594,225.6105393,2.812940836,2.753621817
20150926,1008A,116.72,40.1438,0.238,0.251111115,0.242610169,35,6,52.66666667,0.7,58,289.3399963,40.91810989,4.267326316,93884.50781,224.2675428,2.978635311,3.055782318
20150926,1009A,116.644,40.3937,0.217,0.172888886,0.149436081,29,5.666666667,22.33333333,0.433333333,81.33333333,288.9132996,38.36654663,4.467775727,93025.14063,229.1923975,3.381696701,2.9197855
20150926,1010A,116.23,40.1952,0.316,0.264666657,0.185499039,21.33333333,4.666666667,38,0.633333333,75.66666667,288.9867249,41.75376892,4.074565175,92737.74219,230.621605,3.149528265,2.585063457
20150926,1011A,116.407,40.0031,0.244,0.273,0.271509522,37.66666667,13,52,0.8,99.66666667,289.3767395,43.46187592,3.988092472,93616.99219,224.8750836,2.81385231,2.826148748
20150926,1012A,116.225,39.9279,0.244,0.245,0.264558716,46.33333333,13.66666667,45,0.6,99,289.3660278,44.56134033,3.830086445,93409.85156,224.9459853,2.70572567,2.710832119
20150926,1014A,117.193,39.173,0.33,0.307111115,0.320101471,30.66666667,11.66666667,15.66666667,0.537666667,98.33333333,291.2315063,44.06982422,3.774938588,97133.91406,203.6442431,1.513963699,3.458045006
20150926,1015A,117.145,39.1654,0.33,0.307111115,0.32049939,31.5,12,15.5,0.421,108.5,291.2059631,44.37358093,3.752615389,97056.08594,203.5731968,1.500747085,3.439459324
20150926,1016A,117.184,39.1205,0.33,0.307111115,0.30643631,42.66666667,13,21.33333333,0.575666667,105.6666667,291.3124695,44.31868362,3.741193864,97232.40625,202.6256291,1.439268112,3.453264952
20150926,1017A,117.237,39.1082,0.336,0.309,0.30242041,35.33333333,12.66666667,17.33333333,0.585666667,112.3333333,291.3762207,44.051651,3.752828145,97363.54688,202.3224512,1.425394177,3.47159481
20150926,1018A,117.202,39.0927,0.271,0.298666657,0.297703217,37.66666667,10.33333333,16.66666667,0.552,101,291.3738709,44.31598282,3.731808774,97329.19531,202.053988,1.401219845,3.458754063
20150926,1019A,117.1837,39.2133,0.31,0.342888886,0.325366516,36.33333333,15.33333333,16.66666667,0.464333333,114,291.1564331,43.97137451,3.795594236,97026.32813,204.4417765,1.570496678,3.455441475
20150926,1021A,117.307,39.0877,0.271,0.29625,0.2967995,47,31.33333333,14,0.674,99.66666667,291.4682007,43.70730591,3.764988966,97545.67188,201.8574212,1.40169847,3.49433589
20150926,1025A,117.401,39.124,0.283,0.311428558,0.307688294,16.33333333,11,18,0.350666667,101.6666667,291.4821777,43.03324127,3.820544005,97650.75781,202.430186,1.457756877,3.531501293
20150926,1027A,117.157,38.9194,0.293,0.260777771,0.245102585,50.66666667,13.66666667,22.33333333,0.762,100.6666667,291.5739746,45.25004196,3.643988011,97625.75,199.1727073,1.196746707,3.441866636
20150926,1029A,114.4548,38.0513,0.418,0.394444458,0.399963013,26.33333333,75.33333333,53.33333333,1.253333333,115.3333333,288.7893982,67.42321777,2.283374081,94424.10938,190.8493159,0.429792017,2.242560148
20150926,1030A,114.6046,38.0398,0.366,0.377888886,0.37522876,23.66666667,47,32.66666667,0.703333333,88.33333333,288.9571533,67.78397369,2.372701331,94822.99219,191.8125646,0.485717356,2.322453499
20150926,1031A,114.5019,38.1398,0.44,0.445333344,0.433024384,17,53,41.66666667,0.797,76.66666667,288.8421326,66.48397827,2.311388665,94325.70313,191.1602015,0.447376013,2.26767993
20150926,1032A,114.4586111,38.00583333,0.375,0.365444458,0.385843292,28,57,38,1.475666667,110,288.7936707,67.95316315,2.285638303,94543.07031,190.8747543,0.431214809,2.244592667
20150926,1033A,114.5330556,38.01777778,0.366,0.377888886,0.379358521,28.66666667,56,39.66666667,0.653666667,122.6666667,288.8770447,67.92544556,2.329956502,94699.47656,191.3617327,0.459007442,2.284296274
20150926,1034A,114.5214,38.0524,0.366,0.377888886,0.391143951,12.33333333,34,38,0.696333333,70.66666667,288.8639832,67.51369476,2.323006782,94586.125,191.2867147,0.454656005,2.278079987
20150926,1035A,114.3541,37.9097,0.375,0.38,0.388000732,41.33333333,88,49.66666667,1.653666667,79.33333333,288.6777039,68.930336,2.229003035,94509.8125,190.1049534,0.391082674,2.194426775
20150926,1036A,118.1662,39.6308,0.335,0.349222229,0.349355286,37.33333333,30,29.66666667,1.392,123,291.1408386,38.02377319,4.581627302,97633.94531,207.0424916,2.083042145,4.080716133
20150926,1037A,118.144,39.643,0.335,0.349222229,0.348271637,31.66666667,21.66666667,21,1.131,131.6666667,291.0925598,38.09243011,4.588738226,97582.8125,207.3059819,2.105048418,4.077412128
20150926,1039A,118.2185,39.6679,0.459,0.384,0.347239899,16,34,42.66666667,1.362666667,111,291.1265869,37.69212341,4.630095457,97638.15625,207.0560535,2.106054306,4.12338686
20150926,1040A,118.1838,39.65782,0.335,0.349222229,0.34772226,43.33333333,27.33333333,24.66666667,1.301,125,291.1079712,37.8745079,4.612475439,97609.4375,207.1893313,2.107589006,4.102803707
20150926,1041A,118.1997,39.6295,0.335,0.349222229,0.348886414,39,40.66666667,39,2.347333333,114.3333333,291.1807556,37.87576294,4.588179955,97680.45313,206.8147171,2.06975913,4.09481287
20150926,1043A,119.7624,40.0181,0.076,0.070199997,0.069280251,3.333333333,8,9.333333333,0.61,43.33333333,291.9260254,29.976511,5.206213571,99375.10156,197.8481464,1.595679879,4.955649853
20150926,1047A,114.5129,36.61763,0.409,0.446555542,0.49300177,11.66666667,25,45.66666667,0.430333333,82,289.5609436,71.66015625,2.155615329,96903.40625,183.9183912,0.147305116,2.150576353
20150926,1049A,114.5035,36.5776,0.599,0.539222229,0.509593018,21.66666667,30.66666667,24.33333333,0.310333333,140.6666667,289.6141357,71.57989502,2.139948566,96925.85938,183.1618943,0.118034124,2.136690855
20150926,1050A,114.4965,36.61981,0.545,0.498444458,0.497119049,16.33333333,19,28.33333333,0.663666667,98.33333333,289.5424194,71.69353485,2.150215038,96861.1875,183.837463,0.143905938,2.145394087
20150926,1051A,115.493,38.8632,0.606,0.518444458,0.488183472,45,104,27.33333333,0.476,165.3333333,289.9521484,56.54137421,2.913284912,94568.45313,196.2943572,0.817386687,2.796266794
20150926,1052A,115.5223,38.8957,0.417,0.469888886,0.491515839,32.66666667,33,19.33333333,0.322666667,109,289.9849854,56.05995941,2.931359361,94541.89063,196.4138772,0.828325331,2.811893463
20150926,1053A,115.4713,38.9108,0.52,0.550777771,0.505687714,40.33333333,36.66666667,25.66666667,0.408333333,149,289.9278564,56.25896835,2.899906989,94405.51563,196.2048783,0.809285343,2.78469348
20150926,1054A,115.4612,38.8416,0.606,0.518444458,0.487129761,45,23.33333333,21,0.258666667,166.6666667,289.9165344,56.9473877,2.893682667,94562.78906,196.1629507,0.805514693,2.77930665
20150926,1055A,115.442,38.8756,0.606,0.518444458,0.504188049,40,17,36,0.346666667,91,289.89505,56.76852798,2.881855037,94439.21875,196.0827443,0.798346698,2.769066811
20150926,1056A,115.5214,38.8707,0.417,0.469888886,0.4844823,42.33333333,29,18.33333333,0.245,151,289.9839783,56.28623581,2.930803819,94603.70313,196.410229,0.82798934,2.811413288
20150926,1057A,114.8985,40.8367,0.045,0.058888889,0.064266525,10,15.33333333,33.33333333,0.437666667,85.33333333,286.6581116,35.86726761,3.803266812,88848.27344,257.2315349,3.709216356,0.840566754
20150926,1058A,114.892,40.79481,0.058,0.080777779,0.069367973,14.66666667,7.333333333,25,0.275,88.33333333,286.6952515,36.41893768,3.745843083,88923.00781,256.4358241,3.641363382,0.878528953
20150926,1059A,114.8814,40.8115,0.045,0.058888889,0.067749161,16.66666667,93.66666667,31.33333333,0.559666667,74,286.660553,36.14422989,3.762912163,88881.94531,256.9009544,3.6650002,0.852807999
20150926,1060A,114.9032,40.7688,0.058,0.080777779,0.072142563,21.33333333,17.66666667,31,0.578666667,81,286.7436523,36.82569885,3.716390206,88982.88281,255.7814405,3.602541685,0.912825048
20150926,1061A,114.904,40.8725,0.045,0.058888889,0.059426003,3,13.33333333,42.33333333,0.763333333,96,286.6627502,35.39481735,3.838875867,88783.95313,258.1783999,3.757454157,0.786451638
20150926,1062A,117.9664,40.9161,0.135,0.122777779,0.1177183,9,10.33333333,33,0.531,76.33333333,288.600769,30.24708939,5.564340038,93891.42969,219.0686592,3.50693202,4.320105076
20150926,1063A,117.9525,40.9843,0.135,0.122777779,0.113950996,4,8.666666667,25.33333333,0.469333333,85.33333333,288.4901428,29.69993401,5.426368477,93657.61719,219.8085313,3.474091768,4.16847229
20150926,1064A,117.963,40.9359,0.135,0.122777779,0.117284065,9.666666667,9.333333333,40.66666667,0.361666667,83.66666667,288.5688171,30.08746338,5.524538446,93824.83594,219.2709891,3.496971846,4.276881218
20150926,1065A,117.8184,40.9733,0.135,0.127,0.113870148,10.66666667,46.66666667,36.33333333,2.064333333,59.33333333,288.4627686,30.04870033,5.359109788,93433.54688,221.406161,3.544475079,4.019546509
20150926,1066A,117.9384,41.0112,0.113,0.108333336,0.111108963,12.33333333,12.66666667,18.66666667,0.743666667,95.66666667,288.4439087,29.49839401,5.366915917,93548.50781,220.2243839,3.465861321,4.097754478
20150926,1067A,116.6838,39.5178,0.253,0.327555542,0.335117432,31.66666667,12,34.66666667,0.469333333,111,290.2911072,45.15845871,3.764582183,95331.75,212.4576249,2.020359755,3.176511526
20150926,1069A,116.715,39.5571,0.253,0.292444458,0.322584778,32.66666667,9.666666667,32.33333333,0.394666667,119,290.2519226,44.80905533,3.804066677,95304.78125,213.1368741,2.079458714,3.185400248
20150926,1070A,116.7464,39.5343,0.253,0.292444458,0.322263306,31.66666667,5,47.33333333,0.255,125,290.3096008,44.78237152,3.804123982,95421.5625,212.4854198,2.043137789,3.20888567
20150926,1071A,116.8854,38.2991,0.112,0.116111115,0.131439224,7,19,12,0.421666667,63.66666667,291.3421936,49.90717316,3.566066069,98513.28125,199.1152245,1.167775989,3.369440079
20150926,1072A,116.8584,38.3254,0.141,0.137111115,0.137427841,21,21,20.33333333,0.662,105,291.3191528,50.00824738,3.558319975,98404.72656,199.109373,1.164896011,3.362240076
20150926,1073A,116.8709,38.3228,0.141,0.137111115,0.136515122,2.333333333,9.333333333,6.333333333,0.227,64,291.329834,49.9168663,3.561906131,98433.22656,199.1120857,1.166229367,3.365573406
20150926,1074A,115.6951,37.7575,0.4,0.311,0.313200745,36.66666667,6,14.33333333,1.222333333,136.3333333,290.1784973,64.35904694,3.038204234,97727.14063,197.0897956,0.892837346,2.90405345
20150926,1075A,115.6426,37.7379,0.4,0.311,0.29419574,22.66666667,16.33333333,13.33333333,0.982333333,153.3333333,290.1197205,65.05049896,3.005698967,97687.51563,196.889523,0.873237371,2.876053333
20150926,1076A,115.6906,37.739,0.4,0.311,0.308569763,25.33333333,10,11,0.373333333,140.3333333,290.1734619,64.55768585,3.035416479,97765.91406,197.0727979,0.891157329,2.90165329
20150926,1077A,114.4821,37.0967,0.674,0.587666687,0.521802979,39.33333333,32,24.66666667,1.121,106.3333333,288.8199768,72.84224701,2.299603706,96284.02344,191.0304326,0.439983994,2.257120132
20150926,1078A,114.5261,37.0533,0.517,0.524833313,0.482475037,26.66666667,42.66666667,36,0.583,103.3333333,288.9041748,72.71038055,2.316775296,96446.28125,190.9799103,0.441264123,2.274364471
20150926,1079A,114.5331,37.0964,0.517,0.524833313,0.476411652,21,47.33333333,40,0.819333333,69.33333333,288.8770752,72.81253815,2.329983141,96415.96094,191.3620167,0.459024012,2.284320116
20150926,1080A,114.4854,37.062,0.674,0.587666687,0.51661908,18,35.66666667,39.66666667,0.572333333,122.3333333,288.8454895,72.75830841,2.296259817,96331.96094,190.8427603,0.43195942,2.255264997
20150927,1001A,116.366,39.8673,0.316,0.310375,0.327440674,44.66666667,5.666666667,25.66666667,0.6,125,289.5998535,33.77544022,0.785227937,93894.28125,244.9590922,0.711421072,0.332359701
20150927,1002A,116.17,40.2865,0.145,0.258,0.252056641,21,2,17.33333333,0.3,112,288.063324,30.26476479,0.729961628,92454.84375,304.7477218,0.599787295,-0.416051894
20150927,1003A,116.434,39.9522,0.236,0.293111115,0.310818756,40,5.333333333,28,0.633333333,127.3333333,289.4368591,32.70317841,0.730097959,93835.63281,251.6325586,0.69290328,0.230061024
20150927,1004A,116.434,39.8745,0.309,0.344777771,0.329338318,38,4.666666667,36.33333333,0.533333333,128.6666667,289.6842041,33.4170723,0.794867189,94018.92188,243.8563411,0.713545978,0.350237042
20150927,1005A,116.473,39.9716,0.236,0.293111115,0.310195129,37.33333333,4.333333333,20.66666667,0.466666667,137.6666667,289.4358215,32.36645508,0.722185039,93871.86719,252.5390561,0.688907981,0.216695696
20150927,1006A,116.361,39.9425,0.249,0.281555542,0.305888214,43,4,32.33333333,0.566666667,124,289.3536682,33.09370422,0.724985392,93705.42969,252.8386309,0.692707241,0.213917032
20150927,1007A,116.315,39.9934,0.3,0.274222229,0.295970673,37,3.666666667,32.33333333,0.533333333,104.6666667,289.1209717,32.80239868,0.688922099,93487.74219,260.3431163,0.679160058,0.115565024
20150927,1009A,116.644,40.3937,0.149,0.15775,0.171709106,22.33333333,2.666666667,8.333333333,0.433333333,108.3333333,288.3407288,27.37487412,0.664643821,93097.9375,303.1235731,0.556635201,-0.36319232
20150927,1010A,116.23,40.1952,0.362,0.277555542,0.260549744,32.33333333,4.333333333,40.66666667,0.633333333,86,288.3746338,31.00775719,0.673270818,92802.42188,290.5847348,0.630284667,-0.236716777
20150927,1011A,116.407,40.0031,0.3,0.279444458,0.302460388,41,5.666666667,32.66666667,0.766666667,130.6666667,289.2329712,32.33953094,0.693069639,93657.90625,258.3616263,0.678820372,0.139815688
20150927,1012A,116.225,39.9279,0.249,0.270444458,0.290157745,33.33333333,4.666666667,25,0.5,111.6666667,289.2064819,33.79619598,0.706380994,93455.25,255.7096807,0.684523761,0.174359769
20150927,1029A,114.4548,38.0513,0.862,0.837555542,0.813913025,52.66666667,67.33333333,67.66666667,1.428,135.3333333,289.1404419,62.9400177,0.840269613,94471.74219,176.0802601,-0.057440002,0.838304043
20150927,1030A,114.6046,38.0398,0.862,0.861375,0.840288391,50,60,69.33333333,1.904666667,93.33333333,289.4040833,62.87081909,0.910484888,94872.92969,181.4131058,0.022453329,0.910207987
20150927,1031A,114.5019,38.1398,0.781,0.825777771,0.815576904,34,45.66666667,34.33333333,0.981666667,117,289.2233582,61.76145935,0.861518484,94375.46094,177.8500351,-0.032320004,0.860912025
20150927,1032A,114.4586111,38.00583333,0.862,0.837555542,0.818822022,63,53.33333333,43,1.526666667,135.6666667,289.1471558,63.5062561,0.841958467,94590.07031,176.2267652,-0.055407416,0.840133369
20150927,1033A,114.5330556,38.01777778,0.862,0.861375,0.831860535,51.33333333,59.66666667,62.33333333,1.334666667,142.6666667,289.2781677,63.2492981,0.876007478,94747.89844,178.9728364,-0.015703684,0.875866711
20150927,1034A,114.5214,38.0524,0.862,0.861375,0.826340149,17,31.66666667,59,1.119333333,74,289.2576599,62.83139801,0.870548052,94634.875,178.5571659,-0.021920003,0.87027204
20150927,1036A,118.1662,39.6308,0.667,0.665444458,0.642459961,59,62,47.66666667,1.264,165.6666667,293.2322998,30.42285538,1.76175365,97635.25,214.3189941,0.993276477,1.455052495
20150927,1037A,118.144,39.643,0.667,0.665444458,0.637200745,70.33333333,52.33333333,35,1.164666667,169,293.1757507,30.3541317,1.737888101,97584.30469,214.4722797,0.983657598,1.432715178
20150927,1039A,118.2185,39.6679,0.667,0.665444458,0.608659241,46,62,57,1.598666667,167,293.1314087,30.20207596,1.705249287,97638.17188,214.490611,0.965633512,1.405498862
20150927,1040A,118.1838,39.65782,0.667,0.665444458,0.618527771,87.66666667,55.66666667,33.66666667,1.227666667,186,293.1469421,30.26340866,1.717961163,97610.125,214.4974667,0.973001301,1.415859818
20150927,1041A,118.1997,39.6295,0.667,0.665444458,0.642829407,63.33333333,68.33333333,46,1.482666667,170.3333333,293.2572937,30.4259758,1.768661112,97681.25781,214.231699,0.994944155,1.462275028
20150927,1047A,114.5129,36.61763,1.104,0.995,1.004479126,78.33333333,30,66,1.843666667,108,290.1095581,66.16290283,1.197521124,96958.5625,166.8350332,-0.272742063,1.166048288
20150927,1048A,114.5426,36.6164,1.104,1.020111084,1.013789246,84.33333333,14.66666667,23.66666667,1.432666667,141,290.1560059,66.07254791,1.205155256,97032.71094,167.6407987,-0.2579512,1.177225709
20150927,1049A,114.5035,36.5776,1.069,1.088,1.027446289,112.3333333,72.33333333,49.33333333,1.861,205.6666667,290.1715088,66.02635956,1.226101438,96981.44531,165.879196,-0.299128473,1.189052939
20150927,1050A,114.4965,36.61981,1.104,0.995,0.998350342,86.33333333,27.33333333,52,2.259333333,113.3333333,290.0810547,66.21886444,1.192249199,96915.88281,166.4120304,-0.280104667,1.158878565
20150927,1052A,115.5223,38.8957,1.027,1.042571411,0.974231079,58.33333333,28.33333333,35,0.942,105.6666667,291.0192261,48.31214142,1.444450165,94597.71094,200.7558364,0.511893332,1.350704074
20150927,1053A,115.4713,38.9108,1.027,0.943,0.930416931,68.33333333,26,35.66666667,0.723,141.3333333,290.9294739,48.47099686,1.412019103,94462.53125,200.0757735,0.484693319,1.326224089
20150927,1060A,114.9032,40.7688,0.19,0.199333328,0.153674728,14.66666667,9.666666667,9.666666667,0.324666667,98,286.6470337,29.24271011,2.079452144,89136.89063,348.3292971,0.420645326,-2.036462307
20150927,1062A,117.9664,40.9161,0.22,0.155333328,0.140551331,13,9,23,0.520333333,115.6666667,288.5984497,20.21235657,0.607774102,93978.92188,350.6963415,0.098256946,-0.599779069
20150927,1063A,117.9525,40.9843,0.153,0.149888886,0.139025162,19.66666667,3.333333333,9.333333333,0.197,121,288.4425049,19.58687973,0.710080889,93752.01563,353.9601145,0.074715286,-0.706139147
20150927,1064A,117.963,40.9359,0.22,0.155333328,0.141679153,29.33333333,7.333333333,30.66666667,0.291333333,126,288.5539551,20.03253746,0.636909666,93914.3125,351.7643576,0.091233917,-0.630341411
20150927,1066A,117.9384,41.0112,0.153,0.149888886,0.137611282,15.33333333,3.666666667,9,0.401333333,122,288.3699036,19.31899452,0.755168468,93645.89844,354.857382,0.06768968,-0.752128661
20150927,1067A,116.6838,39.5178,0.346,0.330285706,0.405802673,67.66666667,18.33333333,49,0.702666667,135,291.2311401,35.42536163,1.317636544,95364.00781,220.0577211,0.847976863,1.008514404
20150927,1069A,116.715,39.5571,0.346,0.330285706,0.376694489,64.33333333,13.66666667,32.33333333,0.637,145,291.1552429,34.93051529,1.275973863,95336.3125,221.1331044,0.839349031,0.961042404
20150927,1070A,116.7464,39.5343,0.292,0.299,0.381397095,63.66666667,14.66666667,48.33333333,0.445666667,151.6666667,291.2807007,34.96729279,1.321181496,95452.28125,220.1603048,0.852067411,1.009703755
20150927,1074A,115.6951,37.7575,1.428,1.598666626,1.581066895,143,8,45.66666667,2.401333333,179.6666667,291.3233643,59.53497314,1.555707868,97770.74219,202.8476412,0.604053319,1.43364799
20150927,1075A,115.6426,37.7379,1.428,1.598666626,1.548096313,124,92.66666667,43.33333333,2.016,203,291.230957,60.22351837,1.521697455,97731.67969,202.2444956,0.576053321,1.408447981
20150927,1076A,115.6906,37.739,1.428,1.598666626,1.588345459,155.6666667,78.33333333,39.33333333,1.473666667,180.6666667,291.3154602,59.77635956,1.552786121,97809.4375,202.7969789,0.601653337,1.431488037
20150927,1077A,114.4821,37.0967,0.884,0.885222229,0.893469482,79.33333333,97.33333333,62,2.935666667,131.6666667,289.1885071,68.193573,0.852487118,96330.39844,177.1168123,-0.042880002,0.851408005
20150927,1078A,114.5261,37.0533,1.092,0.997333313,0.919471191,70.33333333,112,63.33333333,2.076,142.3333333,289.3087769,67.91891479,0.887887521,96494.38281,177.9575437,-0.031644344,0.887323439
20150927,1079A,114.5331,37.0964,0.884,0.921666687,0.910423706,63,118.6666667,71.33333333,2.266,90.66666667,289.2782593,68.08111572,0.876028329,96463.48438,178.9744098,-0.015680004,0.87588799
20150927,1080A,114.4854,37.062,1.092,0.957888916,0.906007385,54,111.6666667,80.33333333,2.891666667,158.3333333,289.2210999,68.04553223,0.863663718,96378.98438,176.7703425,-0.048657354,0.862291992
